epoch,train_total,train_loss,train_acc,train_death_prec,train_death_rec,train_death_f1,train_cpc,val_total,val_loss,val_acc,val_death_prec,val_death_rec,val_death_f1,val_cpc,gap,lr,time_s
1,7.768035,6.063787,0.0066,0.0000,0.0000,0.0000,1.7042,6.981781,5.859775,0.0146,0.0000,0.0000,0.0000,1.1220,-0.7863,8.3e-04,922.1
2,5.987258,4.546828,0.0748,0.0588,0.0004,0.0007,1.4404,4.480490,3.628679,0.1447,0.0000,0.0000,0.0000,0.8518,-1.5068,1.6e-03,174.8
3,4.321083,3.616532,0.1428,0.2222,0.0002,0.0005,0.7046,3.748276,3.164280,0.1931,0.0000,0.0000,0.0000,0.5840,-0.5728,2.4e-03,172.8
4,3.929387,3.302059,0.1731,0.4483,0.0250,0.0474,0.6273,3.544422,2.988010,0.2138,0.4007,0.0551,0.0969,0.5564,-0.3850,3.2e-03,172.8
5,3.749962,3.154371,0.1899,0.5533,0.0889,0.1532,0.5956,3.593571,2.954609,0.2174,0.5738,0.0171,0.0332,0.6390,-0.1564,4.0e-03,172.9
6,3.784463,3.121202,0.1941,0.5407,0.1296,0.2091,0.6633,3.509513,2.881392,0.2290,0.5621,0.0420,0.0781,0.6281,-0.2749,4.0e-03,172.8
7,3.675115,3.031602,0.2056,0.6271,0.2645,0.3720,0.6435,3.399968,2.812964,0.2378,0.4802,0.4210,0.4487,0.5870,-0.2751,4.0e-03,173.8
8,3.582440,2.976193,0.2131,0.6758,0.3801,0.4866,0.6062,3.359918,2.772735,0.2439,0.5319,0.4517,0.4885,0.5872,-0.2225,4.0e-03,172.8
9,3.537310,2.938684,0.2183,0.7073,0.4509,0.5507,0.5986,3.316952,2.745451,0.2486,0.6103,0.4210,0.4983,0.5715,-0.2204,4.0e-03,172.8
10,3.543562,2.923950,0.2204,0.7116,0.4847,0.5766,0.6196,3.308560,2.737536,0.2494,0.4645,0.6341,0.5362,0.5710,-0.2350,4.0e-03,172.8
11,3.499750,2.893091,0.2250,0.7395,0.5039,0.5994,0.6067,3.284933,2.699673,0.2556,0.5157,0.6317,0.5679,0.5853,-0.2148,4.0e-03,173.8
12,3.496470,2.872317,0.2279,0.7438,0.5192,0.6115,0.6242,3.283232,2.693045,0.2569,0.5092,0.6785,0.5818,0.5902,-0.2132,4.0e-03,172.8
13,3.539955,2.868779,0.2283,0.7447,0.5127,0.6073,0.6712,3.340718,2.705664,0.2545,0.4903,0.5556,0.5209,0.6351,-0.1992,4.0e-03,172.8
14,3.491125,2.847798,0.2313,0.7504,0.5261,0.6185,0.6433,3.317240,2.674309,0.2603,0.5756,0.6205,0.5972,0.6429,-0.1739,4.0e-03,172.8
15,3.586257,2.839908,0.2326,0.7616,0.4978,0.6021,0.7463,3.287545,2.660478,0.2620,0.5588,0.7000,0.6215,0.6271,-0.2987,4.0e-03,172.8
16,3.556813,2.821797,0.2354,0.7618,0.5567,0.6433,0.7350,3.343811,2.656151,0.2625,0.5633,0.6663,0.6105,0.6877,-0.2130,4.0e-03,173.7
17,3.563488,2.809979,0.2372,0.7811,0.5780,0.6644,0.7535,3.296054,2.633842,0.2665,0.7380,0.4893,0.5884,0.6622,-0.2674,4.0e-03,172.8
18,3.539363,2.795588,0.2395,0.7797,0.5771,0.6633,0.7438,3.305192,2.629274,0.2679,0.6278,0.6771,0.6515,0.6759,-0.2342,4.0e-03,172.8
19,3.488814,2.782443,0.2417,0.7828,0.6028,0.6811,0.7064,3.226071,2.609288,0.2704,0.6976,0.5795,0.6331,0.6168,-0.2627,4.0e-03,172.8
20,3.443628,2.772894,0.2428,0.7892,0.6287,0.6999,0.6707,3.244304,2.615000,0.2708,0.6029,0.7029,0.6491,0.6293,-0.1993,3.9e-03,173.9
21,3.401978,2.765348,0.2440,0.7958,0.6457,0.7129,0.6366,3.154381,2.597006,0.2732,0.5188,0.7922,0.6270,0.5574,-0.2476,3.9e-03,172.8
22,3.332336,2.751019,0.2466,0.7994,0.6650,0.7260,0.5813,3.144394,2.588017,0.2746,0.5503,0.7659,0.6404,0.5564,-0.1879,3.9e-03,172.8
23,3.330510,2.744653,0.2474,0.7995,0.6774,0.7334,0.5859,3.157365,2.587851,0.2747,0.6786,0.6590,0.6686,0.5695,-0.1731,3.9e-03,172.8
24,3.390323,2.752898,0.2460,0.7968,0.6726,0.7294,0.6374,3.200469,2.594090,0.2732,0.4902,0.8215,0.6140,0.6064,-0.1899,3.9e-03,172.9
25,3.365350,2.740173,0.2483,0.8043,0.6796,0.7367,0.6252,3.116260,2.573080,0.2769,0.5675,0.7873,0.6596,0.5432,-0.2491,3.9e-03,173.7
26,3.307968,2.724128,0.2507,0.8001,0.6966,0.7448,0.5838,3.088771,2.569133,0.2781,0.6442,0.7410,0.6892,0.5196,-0.2192,3.9e-03,172.8
27,3.273942,2.716213,0.2520,0.8138,0.7141,0.7607,0.5577,3.077500,2.561047,0.2793,0.5555,0.8205,0.6625,0.5165,-0.1964,3.9e-03,172.8
28,3.246612,2.706988,0.2535,0.8163,0.7142,0.7619,0.5396,3.088736,2.549720,0.2815,0.5301,0.8366,0.6490,0.5390,-0.1579,3.9e-03,172.8
29,3.216611,2.697038,0.2552,0.8145,0.7228,0.7659,0.5196,3.064361,2.546065,0.2819,0.5785,0.7966,0.6702,0.5183,-0.1523,3.9e-03,173.8
30,3.205732,2.690432,0.2564,0.8234,0.7306,0.7742,0.5153,3.040601,2.537364,0.2837,0.5507,0.8298,0.6620,0.5032,-0.1651,3.9e-03,172.8
31,3.202100,2.687157,0.2566,0.8182,0.7334,0.7735,0.5149,3.021971,2.537265,0.2839,0.5612,0.8185,0.6659,0.4847,-0.1801,3.8e-03,172.8
32,3.196099,2.679263,0.2580,0.8238,0.7422,0.7809,0.5168,3.023949,2.528106,0.2850,0.5360,0.8493,0.6572,0.4958,-0.1721,3.8e-03,172.8
33,3.177086,2.670983,0.2595,0.8205,0.7466,0.7818,0.5061,3.028898,2.523666,0.2854,0.6204,0.8093,0.7024,0.5052,-0.1482,3.8e-03,172.8
34,3.192303,2.674098,0.2591,0.8248,0.7428,0.7817,0.5182,3.010048,2.522971,0.2866,0.5406,0.8405,0.6580,0.4871,-0.1823,3.8e-03,173.7
35,3.199523,2.670129,0.2596,0.8263,0.7405,0.7810,0.5294,3.063358,2.528539,0.2854,0.5824,0.8020,0.6747,0.5348,-0.1362,3.8e-03,172.8
36,3.193846,2.661134,0.2610,0.8269,0.7501,0.7866,0.5327,2.994293,2.517675,0.2877,0.5679,0.8380,0.6770,0.4766,-0.1996,3.8e-03,172.8
37,3.186982,2.659781,0.2613,0.8325,0.7549,0.7918,0.5272,3.018190,2.518969,0.2870,0.5845,0.8371,0.6883,0.4992,-0.1688,3.8e-03,172.8
38,3.146748,2.648458,0.2631,0.8337,0.7646,0.7977,0.4983,2.989252,2.505132,0.2892,0.5823,0.8473,0.6902,0.4841,-0.1575,3.8e-03,173.8
39,3.142247,2.645855,0.2636,0.8375,0.7611,0.7975,0.4964,3.007025,2.513776,0.2890,0.5256,0.8761,0.6570,0.4932,-0.1352,3.7e-03,172.8
40,3.154267,2.644412,0.2637,0.8365,0.7581,0.7954,0.5099,2.987651,2.506692,0.2903,0.6351,0.7795,0.7000,0.4810,-0.1666,3.7e-03,172.9
41,3.154911,2.640704,0.2644,0.8403,0.7676,0.8023,0.5142,2.983814,2.498996,0.2905,0.5424,0.8541,0.6635,0.4848,-0.1711,3.7e-03,173.0
42,3.164243,2.637253,0.2651,0.8362,0.7701,0.8018,0.5270,2.999029,2.496698,0.2908,0.6450,0.8029,0.7153,0.5023,-0.1652,3.7e-03,172.8
43,3.128630,2.626324,0.2670,0.8369,0.7700,0.8020,0.5023,2.963150,2.486786,0.2935,0.6004,0.8327,0.6977,0.4764,-0.1655,3.7e-03,173.9
44,3.116841,2.621366,0.2678,0.8380,0.7726,0.8040,0.4955,2.962822,2.489650,0.2927,0.5512,0.8566,0.6707,0.4732,-0.1540,3.7e-03,172.8
45,3.116829,2.619006,0.2682,0.8381,0.7723,0.8039,0.4978,2.948102,2.482961,0.2936,0.6482,0.8063,0.7187,0.4651,-0.1687,3.6e-03,172.8
46,3.084461,2.610324,0.2697,0.8434,0.7767,0.8087,0.4741,2.945013,2.484541,0.2938,0.5984,0.8351,0.6972,0.4605,-0.1394,3.6e-03,172.8
47,3.065395,2.602827,0.2712,0.8462,0.7923,0.8183,0.4626,2.930277,2.481096,0.2947,0.5337,0.8698,0.6615,0.4492,-0.1351,3.6e-03,173.8
48,3.059691,2.599636,0.2714,0.8492,0.7852,0.8159,0.4601,2.938722,2.472630,0.2950,0.6074,0.8376,0.7041,0.4661,-0.1210,3.6e-03,172.8
49,3.069227,2.598418,0.2717,0.8410,0.7823,0.8106,0.4708,2.954445,2.481207,0.2945,0.6382,0.8063,0.7125,0.4732,-0.1148,3.6e-03,172.8
50,3.076448,2.597073,0.2719,0.8453,0.7900,0.8167,0.4794,2.949059,2.476169,0.2951,0.5550,0.8741,0.6789,0.4729,-0.1274,3.6e-03,172.8
51,3.063875,2.592012,0.2726,0.8491,0.7891,0.8180,0.4719,2.933581,2.469947,0.2970,0.5032,0.8941,0.6439,0.4636,-0.1303,3.5e-03,172.8
52,3.055794,2.586569,0.2735,0.8515,0.7943,0.8219,0.4692,2.946987,2.465581,0.2966,0.6726,0.8117,0.7356,0.4814,-0.1088,3.5e-03,173.7
53,3.059926,2.583514,0.2740,0.8484,0.7864,0.8162,0.4764,2.952468,2.466730,0.2976,0.6133,0.8624,0.7168,0.4857,-0.1075,3.5e-03,172.8
54,3.079418,2.587763,0.2734,0.8522,0.7986,0.8245,0.4917,2.940581,2.464697,0.2970,0.5464,0.8898,0.6771,0.4759,-0.1388,3.5e-03,172.8
55,3.081763,2.583831,0.2741,0.8496,0.7969,0.8224,0.4979,3.000030,2.466932,0.2967,0.6728,0.8015,0.7315,0.5331,-0.0817,3.5e-03,172.8
56,3.072693,2.579282,0.2746,0.8507,0.7999,0.8245,0.4934,2.955263,2.461719,0.2980,0.5573,0.8878,0.6847,0.4935,-0.1174,3.4e-03,173.7
57,3.057513,2.576008,0.2755,0.8530,0.7983,0.8247,0.4815,2.929909,2.456855,0.2981,0.5313,0.8868,0.6645,0.4731,-0.1276,3.4e-03,172.8
58,3.060401,2.572005,0.2762,0.8533,0.8007,0.8262,0.4884,2.946917,2.457629,0.2991,0.5542,0.8810,0.6804,0.4893,-0.1135,3.4e-03,172.8
59,3.063369,2.571757,0.2760,0.8546,0.8023,0.8276,0.4916,2.936322,2.452531,0.2990,0.6206,0.8449,0.7156,0.4838,-0.1270,3.4e-03,172.8
60,3.060862,2.569943,0.2766,0.8531,0.8004,0.8259,0.4909,2.911780,2.453952,0.3004,0.5705,0.8859,0.6941,0.4578,-0.1491,3.4e-03,172.8
61,3.035510,2.564075,0.2777,0.8543,0.8016,0.8271,0.4714,2.918258,2.449042,0.2996,0.5262,0.9049,0.6655,0.4692,-0.1173,3.3e-03,173.7
62,3.045806,2.563543,0.2777,0.8546,0.8041,0.8286,0.4823,2.927680,2.450118,0.3002,0.5838,0.8698,0.6987,0.4776,-0.1181,3.3e-03,172.8
63,3.040122,2.561300,0.2779,0.8563,0.8051,0.8299,0.4788,2.919823,2.449664,0.3000,0.6312,0.8600,0.7281,0.4702,-0.1203,3.3e-03,172.8
64,3.048034,2.560893,0.2780,0.8546,0.8054,0.8293,0.4871,2.911820,2.445283,0.3004,0.6453,0.8395,0.7297,0.4665,-0.1362,3.3e-03,172.9
65,3.034649,2.557257,0.2788,0.8559,0.8006,0.8273,0.4774,2.917062,2.446263,0.3011,0.6849,0.8302,0.7506,0.4708,-0.1176,3.2e-03,173.9
66,3.030427,2.553275,0.2794,0.8532,0.8045,0.8281,0.4772,2.898043,2.440118,0.3019,0.6717,0.8283,0.7418,0.4579,-0.1324,3.2e-03,172.8
67,3.032694,2.550881,0.2797,0.8582,0.8092,0.8330,0.4818,2.904635,2.437277,0.3021,0.5479,0.8932,0.6792,0.4674,-0.1281,3.2e-03,172.8
68,3.020234,2.543852,0.2808,0.8595,0.8080,0.8330,0.4764,2.925314,2.439555,0.3021,0.6545,0.8512,0.7400,0.4858,-0.0949,3.2e-03,172.8
69,3.031344,2.544335,0.2809,0.8580,0.8022,0.8292,0.4870,2.899961,2.431981,0.3034,0.5430,0.9093,0.6799,0.4680,-0.1314,3.1e-03,172.8
70,3.007037,2.538845,0.2818,0.8569,0.8123,0.8340,0.4682,2.900319,2.433930,0.3029,0.6825,0.8400,0.7531,0.4664,-0.1067,3.1e-03,173.7
71,3.021569,2.539735,0.2818,0.8562,0.8163,0.8358,0.4818,2.899045,2.435649,0.3029,0.5525,0.8932,0.6827,0.4634,-0.1225,3.1e-03,172.8
72,3.032741,2.540502,0.2817,0.8583,0.8112,0.8341,0.4922,2.903189,2.433567,0.3029,0.6183,0.8693,0.7226,0.4696,-0.1296,3.1e-03,172.8
73,3.025711,2.538163,0.2821,0.8578,0.8101,0.8333,0.4875,2.933154,2.438643,0.3019,0.6129,0.8595,0.7155,0.4945,-0.0926,3.1e-03,172.8
74,3.027236,2.538898,0.2819,0.8575,0.8123,0.8343,0.4883,2.943338,2.439169,0.3016,0.6129,0.8727,0.7201,0.5042,-0.0839,3.0e-03,173.7
75,3.021318,2.533095,0.2829,0.8586,0.8146,0.8360,0.4882,2.906135,2.433558,0.3039,0.5749,0.8878,0.6979,0.4726,-0.1152,3.0e-03,172.8
76,3.002700,2.528738,0.2838,0.8606,0.8188,0.8392,0.4740,2.904324,2.431714,0.3040,0.5749,0.8839,0.6967,0.4726,-0.0984,3.0e-03,172.8
77,3.003393,2.526995,0.2840,0.8640,0.8200,0.8414,0.4764,2.905235,2.435828,0.3031,0.5853,0.8834,0.7041,0.4694,-0.0982,2.9e-03,172.8
78,2.993581,2.523381,0.2846,0.8620,0.8150,0.8378,0.4702,2.892307,2.428642,0.3049,0.6298,0.8756,0.7327,0.4637,-0.1013,2.9e-03,172.8
79,2.996902,2.522930,0.2847,0.8642,0.8178,0.8404,0.4740,2.883260,2.423698,0.3048,0.6542,0.8434,0.7368,0.4596,-0.1136,2.9e-03,173.7
80,2.986323,2.519715,0.2852,0.8620,0.8177,0.8393,0.4666,2.891732,2.424326,0.3049,0.5954,0.8902,0.7136,0.4674,-0.0946,2.9e-03,172.8
81,2.964723,2.514357,0.2862,0.8633,0.8249,0.8437,0.4504,2.871792,2.425070,0.3055,0.5546,0.9024,0.6870,0.4467,-0.0929,2.8e-03,172.8
82,2.959879,2.511778,0.2865,0.8664,0.8267,0.8461,0.4481,2.872103,2.420625,0.3054,0.6193,0.8498,0.7164,0.4515,-0.0878,2.8e-03,172.8
83,2.957659,2.511492,0.2867,0.8648,0.8154,0.8394,0.4462,2.860002,2.422875,0.3058,0.6182,0.8766,0.7250,0.4371,-0.0977,2.8e-03,173.7
84,2.958650,2.508239,0.2873,0.8614,0.8250,0.8428,0.4504,2.881076,2.423774,0.3054,0.5756,0.8854,0.6977,0.4573,-0.0776,2.8e-03,172.8
85,2.954767,2.504624,0.2880,0.8619,0.8204,0.8406,0.4501,2.866643,2.424777,0.3060,0.5815,0.8878,0.7027,0.4419,-0.0881,2.7e-03,172.8
86,2.950795,2.503320,0.2882,0.8652,0.8268,0.8456,0.4475,2.860214,2.414715,0.3069,0.7050,0.8263,0.7608,0.4455,-0.0906,2.7e-03,172.9
87,2.944259,2.499852,0.2887,0.8664,0.8227,0.8440,0.4444,2.861840,2.416225,0.3064,0.6846,0.8439,0.7560,0.4456,-0.0824,2.7e-03,172.9
88,2.943250,2.498499,0.2890,0.8651,0.8266,0.8454,0.4448,2.850650,2.412294,0.3079,0.5839,0.8907,0.7054,0.4384,-0.0926,2.7e-03,173.8
89,2.941425,2.497346,0.2894,0.8660,0.8244,0.8447,0.4441,2.862381,2.410541,0.3078,0.6797,0.8415,0.7520,0.4518,-0.0790,2.6e-03,172.8
90,2.935176,2.493404,0.2899,0.8736,0.8308,0.8516,0.4418,2.860170,2.417992,0.3063,0.6484,0.8620,0.7401,0.4422,-0.0750,2.6e-03,172.8
91,2.929589,2.490539,0.2905,0.8660,0.8267,0.8459,0.4391,2.850641,2.415239,0.3082,0.7095,0.8268,0.7637,0.4354,-0.0789,2.6e-03,172.8
92,2.928332,2.488433,0.2907,0.8691,0.8285,0.8483,0.4399,2.851586,2.417164,0.3073,0.6422,0.8668,0.7378,0.4344,-0.0767,2.5e-03,173.7
93,2.923528,2.484338,0.2918,0.8692,0.8295,0.8489,0.4392,2.856712,2.415462,0.3079,0.6770,0.8444,0.7515,0.4412,-0.0668,2.5e-03,172.8
94,2.938657,2.489956,0.2906,0.8709,0.8316,0.8508,0.4487,2.866571,2.419294,0.3075,0.5650,0.9015,0.6946,0.4473,-0.0721,2.5e-03,172.8
95,2.947029,2.488035,0.2910,0.8663,0.8292,0.8473,0.4590,2.878217,2.417617,0.3087,0.5900,0.8941,0.7109,0.4606,-0.0688,2.5e-03,173.0
96,2.927870,2.480707,0.2924,0.8718,0.8307,0.8507,0.4472,2.848674,2.406779,0.3097,0.5902,0.8907,0.7100,0.4419,-0.0792,2.4e-03,173.7
97,2.924522,2.478219,0.2927,0.8735,0.8357,0.8542,0.4463,2.853338,2.409719,0.3092,0.6724,0.8420,0.7477,0.4436,-0.0712,2.4e-03,172.7
98,2.927789,2.476573,0.2931,0.8708,0.8360,0.8530,0.4512,2.863436,2.410263,0.3078,0.6443,0.8668,0.7392,0.4532,-0.0644,2.4e-03,172.8
99,2.927031,2.473665,0.2936,0.8721,0.8369,0.8541,0.4534,2.862838,2.403425,0.3097,0.6401,0.8702,0.7376,0.4594,-0.0642,2.3e-03,172.8
100,2.922335,2.470599,0.2941,0.8728,0.8375,0.8548,0.4517,2.857207,2.413663,0.3079,0.6654,0.8683,0.7534,0.4435,-0.0651,2.3e-03,172.8
101,2.916582,2.467783,0.2948,0.8718,0.8329,0.8519,0.4488,2.854166,2.409142,0.3091,0.5281,0.9200,0.6711,0.4450,-0.0624,2.3e-03,173.7
102,2.920125,2.469314,0.2945,0.8698,0.8304,0.8496,0.4508,2.861344,2.412176,0.3091,0.5988,0.8883,0.7154,0.4492,-0.0588,2.3e-03,172.8
103,2.911325,2.464541,0.2953,0.8707,0.8361,0.8530,0.4468,2.851345,2.401176,0.3105,0.6625,0.8551,0.7466,0.4502,-0.0600,2.2e-03,172.7
104,2.906007,2.461783,0.2956,0.8769,0.8391,0.8576,0.4442,2.857360,2.411365,0.3091,0.5839,0.9015,0.7087,0.4460,-0.0486,2.2e-03,172.8
105,2.912069,2.462641,0.2956,0.8718,0.8400,0.8556,0.4494,2.860598,2.409704,0.3097,0.6333,0.8771,0.7355,0.4509,-0.0515,2.2e-03,173.7
106,2.906847,2.459483,0.2962,0.8740,0.8410,0.8572,0.4474,2.855973,2.413044,0.3102,0.6486,0.8741,0.7446,0.4429,-0.0509,2.2e-03,172.8
107,2.902836,2.456729,0.2965,0.8767,0.8407,0.8583,0.4461,2.850224,2.405727,0.3103,0.6899,0.8488,0.7612,0.4445,-0.0526,2.1e-03,172.8
108,2.909173,2.455311,0.2970,0.8752,0.8385,0.8564,0.4539,2.854952,2.405696,0.3106,0.6869,0.8498,0.7597,0.4493,-0.0542,2.1e-03,172.8
109,2.902306,2.453967,0.2973,0.8753,0.8380,0.8562,0.4483,2.860647,2.409664,0.3104,0.6600,0.8634,0.7481,0.4510,-0.0417,2.1e-03,172.8
110,2.902547,2.451401,0.2977,0.8783,0.8413,0.8594,0.4511,2.866585,2.414669,0.3098,0.7222,0.8190,0.7675,0.4519,-0.0360,2.0e-03,173.9
111,2.898101,2.449085,0.2982,0.8825,0.8469,0.8643,0.4490,2.847940,2.406034,0.3099,0.6346,0.8751,0.7357,0.4419,-0.0502,2.0e-03,172.7
112,2.907496,2.451511,0.2980,0.8740,0.8367,0.8550,0.4560,2.861430,2.411329,0.3096,0.6377,0.8854,0.7414,0.4501,-0.0461,2.0e-03,172.7
113,2.898085,2.446862,0.2987,0.8794,0.8429,0.8607,0.4512,2.845413,2.401355,0.3109,0.6565,0.8605,0.7448,0.4441,-0.0527,2.0e-03,172.7
114,2.886661,2.441583,0.2996,0.8773,0.8433,0.8600,0.4451,2.835310,2.398914,0.3114,0.6772,0.8546,0.7557,0.4364,-0.0514,1.9e-03,173.7
115,2.883442,2.440606,0.2997,0.8780,0.8464,0.8619,0.4428,2.844000,2.400861,0.3119,0.6687,0.8663,0.7548,0.4431,-0.0394,1.9e-03,172.8
116,2.879875,2.438345,0.3000,0.8771,0.8447,0.8606,0.4415,2.854507,2.409281,0.3111,0.6540,0.8639,0.7444,0.4452,-0.0254,1.9e-03,172.7
117,2.883013,2.438794,0.3000,0.8764,0.8395,0.8575,0.4442,2.852367,2.407465,0.3112,0.5648,0.9117,0.6975,0.4449,-0.0306,1.8e-03,172.7
118,2.891252,2.436563,0.3006,0.8796,0.8495,0.8643,0.4547,2.844940,2.401981,0.3121,0.6854,0.8556,0.7611,0.4430,-0.0463,1.8e-03,172.7
119,2.884827,2.435912,0.3008,0.8793,0.8432,0.8609,0.4489,2.857496,2.410355,0.3106,0.6485,0.8712,0.7435,0.4471,-0.0273,1.8e-03,173.7
120,2.880832,2.432429,0.3014,0.8761,0.8433,0.8594,0.4484,2.857284,2.408901,0.3108,0.6140,0.8878,0.7260,0.4484,-0.0235,1.8e-03,172.8
121,2.880444,2.431528,0.3016,0.8782,0.8456,0.8616,0.4489,2.838001,2.401214,0.3121,0.7459,0.8220,0.7821,0.4368,-0.0424,1.7e-03,172.7
122,2.872130,2.428114,0.3021,0.8793,0.8465,0.8626,0.4440,2.839207,2.405751,0.3119,0.6581,0.8659,0.7478,0.4335,-0.0329,1.7e-03,172.7
123,2.865416,2.423277,0.3029,0.8758,0.8480,0.8617,0.4421,2.845025,2.396543,0.3128,0.6498,0.8780,0.7469,0.4485,-0.0204,1.7e-03,173.7
124,2.867151,2.422452,0.3032,0.8795,0.8466,0.8628,0.4447,2.838437,2.398056,0.3126,0.6861,0.8561,0.7617,0.4404,-0.0287,1.7e-03,172.7
125,2.861303,2.420246,0.3035,0.8787,0.8475,0.8628,0.4411,2.842370,2.402426,0.3134,0.6198,0.8937,0.7319,0.4399,-0.0189,1.6e-03,172.7
126,2.858697,2.418672,0.3039,0.8845,0.8516,0.8677,0.4400,2.834711,2.395908,0.3133,0.6733,0.8707,0.7594,0.4388,-0.0240,1.6e-03,172.7
127,2.860944,2.417033,0.3041,0.8806,0.8481,0.8641,0.4439,2.848192,2.408431,0.3123,0.6454,0.8834,0.7459,0.4398,-0.0128,1.6e-03,172.7
128,2.851082,2.415705,0.3044,0.8803,0.8479,0.8638,0.4354,2.812537,2.405434,0.3120,0.6287,0.8771,0.7324,0.4071,-0.0385,1.6e-03,173.6
129,2.817077,2.412900,0.3049,0.8828,0.8479,0.8650,0.4042,2.797859,2.407405,0.3120,0.6677,0.8683,0.7549,0.3905,-0.0192,1.5e-03,172.7
130,2.803966,2.410708,0.3054,0.8796,0.8464,0.8627,0.3933,2.782797,2.396278,0.3132,0.6884,0.8610,0.7651,0.3865,-0.0212,1.5e-03,172.7
131,2.800413,2.409717,0.3057,0.8783,0.8498,0.8638,0.3907,2.789515,2.400310,0.3136,0.6665,0.8727,0.7558,0.3892,-0.0109,1.5e-03,172.7
132,2.797162,2.407874,0.3059,0.8823,0.8460,0.8638,0.3893,2.777098,2.389011,0.3148,0.6993,0.8610,0.7718,0.3881,-0.0201,1.4e-03,173.6
133,2.800789,2.403515,0.3067,0.8826,0.8483,0.8651,0.3973,2.797296,2.401400,0.3142,0.7147,0.8346,0.7700,0.3959,-0.0035,1.4e-03,172.8
134,2.802313,2.404335,0.3067,0.8781,0.8461,0.8618,0.3980,2.799123,2.403100,0.3136,0.6585,0.8766,0.7520,0.3960,-0.0032,1.4e-03,172.7
135,2.802984,2.402185,0.3072,0.8850,0.8561,0.8703,0.4008,2.792859,2.400174,0.3138,0.6417,0.8868,0.7446,0.3927,-0.0101,1.4e-03,172.7
136,2.800362,2.400226,0.3075,0.8839,0.8526,0.8680,0.4001,2.790045,2.397024,0.3144,0.6336,0.8898,0.7401,0.3930,-0.0103,1.4e-03,172.7
137,2.765907,2.397330,0.3081,0.8812,0.8495,0.8651,0.3686,2.758374,2.404579,0.3140,0.6890,0.8615,0.7657,0.3538,-0.0075,1.3e-03,173.6
138,2.751315,2.395400,0.3082,0.8849,0.8484,0.8663,0.3559,2.750133,2.400091,0.3144,0.6722,0.8712,0.7589,0.3500,-0.0012,1.3e-03,172.8
139,2.746567,2.394247,0.3086,0.8866,0.8533,0.8696,0.3523,2.749060,2.399415,0.3149,0.6305,0.8873,0.7372,0.3496,0.0025,1.3e-03,172.7
140,2.742190,2.391208,0.3090,0.8866,0.8562,0.8711,0.3510,2.746532,2.400921,0.3134,0.6538,0.8741,0.7481,0.3456,0.0043,1.3e-03,172.7
141,2.739220,2.388263,0.3097,0.8820,0.8560,0.8688,0.3510,2.740244,2.390121,0.3154,0.6794,0.8663,0.7616,0.3501,0.0010,1.2e-03,173.6
142,2.739009,2.387233,0.3100,0.8829,0.8455,0.8638,0.3518,2.738918,2.389276,0.3158,0.6726,0.8829,0.7636,0.3496,-0.0001,1.2e-03,172.7
143,2.734587,2.384935,0.3105,0.8890,0.8572,0.8728,0.3497,2.746171,2.397878,0.3156,0.6585,0.8746,0.7513,0.3483,0.0116,1.2e-03,172.7
144,2.732345,2.383855,0.3104,0.8817,0.8506,0.8659,0.3485,2.735951,2.392669,0.3154,0.6815,0.8737,0.7657,0.3433,0.0036,1.2e-03,172.7
145,2.727169,2.381058,0.3110,0.8850,0.8570,0.8708,0.3461,2.738962,2.392048,0.3155,0.6480,0.8800,0.7464,0.3469,0.0118,1.1e-03,172.7
146,2.724862,2.380952,0.3110,0.8845,0.8548,0.8694,0.3439,2.731534,2.389635,0.3157,0.7022,0.8615,0.7737,0.3419,0.0067,1.1e-03,173.7
147,2.720651,2.376847,0.3120,0.8881,0.8569,0.8723,0.3438,2.737648,2.393101,0.3155,0.6507,0.8834,0.7494,0.3445,0.0170,1.1e-03,172.7
148,2.718670,2.374824,0.3124,0.8900,0.8570,0.8732,0.3438,2.733055,2.390036,0.3164,0.6571,0.8785,0.7518,0.3430,0.0144,1.1e-03,172.8
149,2.718782,2.374890,0.3123,0.8863,0.8532,0.8694,0.3439,2.738888,2.395427,0.3161,0.7163,0.8537,0.7790,0.3435,0.0201,1.1e-03,172.7
150,2.717128,2.371557,0.3131,0.8869,0.8558,0.8711,0.3456,2.736697,2.392562,0.3165,0.6613,0.8790,0.7548,0.3441,0.0196,1.0e-03,173.6
151,2.718103,2.371992,0.3129,0.8875,0.8583,0.8726,0.3461,2.739422,2.394403,0.3160,0.7055,0.8600,0.7751,0.3450,0.0213,1.0e-03,172.7
152,2.712655,2.368083,0.3135,0.8908,0.8594,0.8748,0.3446,2.742765,2.395565,0.3161,0.6406,0.8902,0.7451,0.3472,0.0301,1.0e-03,172.7
153,2.712761,2.367355,0.3139,0.8875,0.8547,0.8708,0.3454,2.734896,2.392411,0.3167,0.6773,0.8795,0.7653,0.3425,0.0221,9.8e-04,172.7
154,2.708270,2.364125,0.3143,0.8859,0.8539,0.8696,0.3441,2.731377,2.388399,0.3171,0.6940,0.8620,0.7689,0.3430,0.0231,9.6e-04,172.7
155,2.707405,2.362941,0.3145,0.8871,0.8583,0.8725,0.3445,2.733595,2.390396,0.3174,0.6674,0.8839,0.7605,0.3432,0.0262,9.4e-04,173.6
156,2.704128,2.359860,0.3151,0.8873,0.8603,0.8736,0.3443,2.733014,2.394447,0.3170,0.6755,0.8805,0.7645,0.3386,0.0289,9.2e-04,172.8
157,2.678322,2.357519,0.3156,0.8876,0.8590,0.8731,0.3208,2.702240,2.388030,0.3179,0.6580,0.8815,0.7535,0.3142,0.0239,9.0e-04,172.7
158,2.671224,2.357043,0.3158,0.8858,0.8585,0.8719,0.3142,2.698452,2.387403,0.3181,0.6554,0.8795,0.7511,0.3110,0.0272,8.9e-04,172.7
160,2.647546,2.342120,0.3188,0.8880,0.8666,0.8772,0.3054,2.688136,2.382352,0.3196,0.6753,0.8824,0.7651,0.3058,0.0406,6.1e-05,961.0
161,2.639477,2.334687,0.3205,0.8861,0.8623,0.8741,0.3048,2.690105,2.381473,0.3199,0.6709,0.8859,0.7635,0.3086,0.0506,8.1e-05,176.9
162,2.634502,2.329766,0.3211,0.8910,0.8642,0.8774,0.3047,2.688973,2.381209,0.3205,0.6715,0.8854,0.7637,0.3078,0.0545,1.0e-04,174.2
163,2.631530,2.326723,0.3220,0.8924,0.8698,0.8810,0.3048,2.685549,2.377706,0.3209,0.6796,0.8776,0.7660,0.3078,0.0540,1.2e-04,174.3
164,2.632061,2.326869,0.3219,0.8925,0.8704,0.8813,0.3052,2.686831,2.378531,0.3210,0.6854,0.8800,0.7706,0.3083,0.0548,1.4e-04,174.2
165,2.629575,2.324323,0.3225,0.8919,0.8666,0.8791,0.3053,2.688212,2.379573,0.3208,0.6766,0.8829,0.7661,0.3086,0.0586,1.6e-04,174.2
166,2.629721,2.323924,0.3224,0.8943,0.8690,0.8814,0.3058,2.688628,2.379742,0.3209,0.6820,0.8766,0.7671,0.3089,0.0589,1.8e-04,175.4
167,2.627675,2.321975,0.3230,0.8940,0.8693,0.8815,0.3057,2.696754,2.384082,0.3204,0.6762,0.8844,0.7664,0.3127,0.0691,1.9e-04,174.2
168,2.627634,2.321718,0.3229,0.8948,0.8686,0.8815,0.3059,2.683835,2.376901,0.3215,0.6657,0.8849,0.7598,0.3069,0.0562,2.1e-04,174.2
169,2.626202,2.320555,0.3232,0.8959,0.8671,0.8813,0.3056,2.689071,2.380414,0.3211,0.6860,0.8751,0.7691,0.3087,0.0629,2.3e-04,174.4
170,2.626444,2.321040,0.3231,0.8930,0.8678,0.8802,0.3054,2.688153,2.378594,0.3213,0.6745,0.8824,0.7646,0.3096,0.0617,2.4e-04,175.4
171,2.625783,2.320726,0.3231,0.8936,0.8705,0.8819,0.3051,2.686626,2.377778,0.3215,0.6879,0.8761,0.7707,0.3088,0.0608,2.6e-04,174.2
172,2.626499,2.321492,0.3229,0.8932,0.8728,0.8829,0.3050,2.685922,2.377605,0.3211,0.6806,0.8805,0.7678,0.3083,0.0594,2.8e-04,174.3
173,2.625240,2.318993,0.3234,0.8924,0.8686,0.8803,0.3062,2.688829,2.379546,0.3211,0.6665,0.8824,0.7594,0.3093,0.0636,2.9e-04,174.6
174,2.625309,2.319223,0.3236,0.8915,0.8694,0.8803,0.3061,2.696410,2.386940,0.3206,0.6985,0.8737,0.7763,0.3095,0.0711,3.1e-04,174.2
175,2.625964,2.319426,0.3233,0.8939,0.8693,0.8814,0.3065,2.691183,2.382108,0.3207,0.6919,0.8688,0.7703,0.3091,0.0652,3.2e-04,175.6
176,2.624997,2.318007,0.3237,0.8951,0.8679,0.8813,0.3070,2.693971,2.383046,0.3204,0.6812,0.8785,0.7674,0.3109,0.0690,3.3e-04,174.2
177,2.624505,2.317603,0.3237,0.8950,0.8666,0.8806,0.3069,2.687694,2.378698,0.3211,0.6536,0.8917,0.7543,0.3090,0.0632,3.5e-04,175.0
178,2.627010,2.319055,0.3234,0.8965,0.8702,0.8832,0.3080,2.693900,2.381961,0.3206,0.6640,0.8888,0.7601,0.3119,0.0669,3.6e-04,174.8
179,2.625559,2.318590,0.3235,0.8980,0.8697,0.8836,0.3070,2.692279,2.381022,0.3208,0.7090,0.8688,0.7808,0.3113,0.0667,3.7e-04,175.5
180,2.622736,2.316214,0.3239,0.8953,0.8678,0.8813,0.3065,2.695612,2.381960,0.3209,0.6623,0.8946,0.7612,0.3137,0.0729,3.8e-04,174.9
181,2.625840,2.318648,0.3236,0.8945,0.8709,0.8826,0.3072,2.695828,2.384218,0.3207,0.6674,0.8868,0.7616,0.3116,0.0700,3.9e-04,175.0
182,2.622553,2.317116,0.3239,0.8965,0.8701,0.8831,0.3054,2.695370,2.382744,0.3204,0.6911,0.8820,0.7750,0.3126,0.0728,4.0e-04,175.0
183,2.622477,2.317670,0.3236,0.8955,0.8662,0.8806,0.3048,2.694507,2.385961,0.3201,0.6946,0.8732,0.7737,0.3085,0.0720,4.1e-04,175.0
184,2.624939,2.319431,0.3234,0.8969,0.8716,0.8841,0.3055,2.693307,2.382284,0.3202,0.6665,0.8776,0.7576,0.3110,0.0684,4.2e-04,176.3
185,2.623001,2.318536,0.3234,0.8998,0.8686,0.8839,0.3045,2.694357,2.382291,0.3208,0.6740,0.8776,0.7624,0.3121,0.0714,4.3e-04,174.6
186,2.621925,2.317653,0.3237,0.8967,0.8715,0.8839,0.3043,2.706474,2.388418,0.3199,0.6900,0.8698,0.7695,0.3181,0.0845,4.4e-04,175.0
187,2.621144,2.316770,0.3237,0.8930,0.8669,0.8797,0.3044,2.702735,2.389192,0.3200,0.6957,0.8732,0.7744,0.3135,0.0816,4.5e-04,175.3
188,2.621536,2.317176,0.3236,0.8934,0.8661,0.8795,0.3044,2.691796,2.384669,0.3208,0.6814,0.8824,0.7690,0.3071,0.0703,4.5e-04,176.5
189,2.621679,2.318053,0.3236,0.8944,0.8674,0.8807,0.3036,2.694326,2.383843,0.3208,0.6681,0.8898,0.7632,0.3105,0.0726,4.6e-04,175.3
190,2.621137,2.317611,0.3236,0.8920,0.8661,0.8788,0.3035,2.697129,2.388666,0.3203,0.6608,0.8859,0.7570,0.3085,0.0760,4.7e-04,175.2
191,2.620944,2.317378,0.3236,0.8946,0.8681,0.8812,0.3036,2.697642,2.387048,0.3200,0.6792,0.8810,0.7670,0.3106,0.0767,4.7e-04,175.3
192,2.621859,2.316655,0.3238,0.8940,0.8705,0.8821,0.3052,2.699112,2.391872,0.3194,0.7023,0.8644,0.7750,0.3072,0.0773,4.8e-04,175.3
193,2.621318,2.317475,0.3237,0.8967,0.8674,0.8818,0.3038,2.695183,2.387948,0.3204,0.6904,0.8702,0.7700,0.3072,0.0739,4.8e-04,176.6
194,2.620844,2.316967,0.3238,0.8957,0.8700,0.8827,0.3039,2.699159,2.389249,0.3198,0.6880,0.8756,0.7706,0.3099,0.0783,4.9e-04,174.2
195,2.619896,2.316118,0.3239,0.8954,0.8663,0.8806,0.3038,2.698438,2.385612,0.3203,0.7018,0.8795,0.7807,0.3128,0.0785,4.9e-04,175.0
196,2.619666,2.316407,0.3237,0.8931,0.8645,0.8786,0.3033,2.695818,2.386128,0.3202,0.6816,0.8834,0.7695,0.3097,0.0762,4.9e-04,174.2
197,2.618208,2.316021,0.3239,0.8977,0.8706,0.8840,0.3022,2.685904,2.379454,0.3214,0.6969,0.8780,0.7770,0.3064,0.0677,5.0e-04,176.5
198,2.618510,2.316556,0.3240,0.8958,0.8698,0.8826,0.3020,2.689675,2.381344,0.3213,0.6845,0.8878,0.7730,0.3083,0.0712,5.0e-04,175.3
199,2.615784,2.314154,0.3242,0.8963,0.8694,0.8826,0.3016,2.694776,2.384863,0.3205,0.6762,0.8844,0.7664,0.3099,0.0790,5.0e-04,175.2
200,2.616321,2.314856,0.3241,0.8936,0.8707,0.8820,0.3015,2.694157,2.386758,0.3207,0.6955,0.8834,0.7783,0.3074,0.0778,5.0e-04,174.2
