epoch,train_recon,train_slow,train_uniform,val_recon,val_usage_pct,val_ppl_pct,lr,time_s
1,58.491199,0.335100,-1.391121,,,,1.0e-03,52.1
2,19.298578,0.180196,-1.164151,,,,1.0e-03,12.9
3,16.262893,0.190957,-1.195178,,,,1.0e-03,11.3
4,14.390761,0.232192,-1.573457,,,,1.0e-03,11.4
5,12.654450,0.262320,-2.513905,,,,1.0e-03,11.3
6,11.195636,0.292728,-2.989307,,,,1.0e-03,11.2
7,10.076393,0.341775,-2.967527,,,,1.0e-03,11.4
8,8.991374,0.388120,-2.921289,,,,1.0e-03,11.2
9,8.328033,0.430445,-2.942392,,,,1.0e-03,11.2
10,7.836251,0.469795,-2.975361,7.307106,99.8000,44.6609,1.0e-03,15.9
11,7.322165,0.500799,-3.013984,,,,1.0e-03,11.6
12,6.937772,0.530877,-3.047551,,,,1.0e-03,11.2
13,6.567934,0.552161,-3.078891,,,,1.0e-03,11.4
14,6.285915,0.568958,-3.095838,,,,1.0e-03,11.2
15,6.048540,0.581209,-3.111379,,,,1.0e-03,11.3
16,5.820399,0.592161,-3.121701,,,,1.0e-03,11.4
17,5.691677,0.601140,-3.125421,,,,1.0e-03,11.2
18,5.516615,0.608139,-3.135958,,,,1.0e-03,11.4
19,5.361028,0.612490,-3.141937,,,,1.0e-03,11.2
20,5.222123,0.616217,-3.145235,5.014153,100.0000,55.7764,1.0e-03,11.6
21,5.157716,0.622019,-3.147683,,,,1.0e-03,11.2
22,5.013215,0.624319,-3.153891,,,,1.0e-03,11.2
23,4.927461,0.626600,-3.155504,,,,1.0e-03,11.4
24,4.826685,0.628314,-3.157235,,,,1.0e-03,11.2
25,4.732510,0.628618,-3.162262,,,,1.0e-03,11.4
26,4.650444,0.629671,-3.163791,,,,1.0e-03,11.2
27,4.569414,0.630572,-3.167112,,,,1.0e-03,11.2
28,4.494039,0.630922,-3.170704,,,,1.0e-03,11.4
29,4.412909,0.631112,-3.174400,,,,1.0e-03,11.2
30,4.353336,0.631524,-3.178558,4.242822,100.0000,56.1456,1.0e-03,11.5
31,4.303874,0.630784,-3.182030,,,,1.0e-03,11.2
32,4.210659,0.628299,-3.185783,,,,1.0e-03,11.4
33,4.148586,0.628076,-3.187818,,,,1.0e-03,11.2
34,4.097364,0.627590,-3.187420,,,,1.0e-03,11.2
35,4.048140,0.626426,-3.192699,,,,1.0e-03,11.4
36,3.982806,0.624012,-3.190075,,,,1.0e-03,11.2
37,3.937557,0.623129,-3.195754,,,,1.0e-03,11.4
38,3.899457,0.621756,-3.198763,,,,1.0e-03,11.2
39,3.839873,0.618786,-3.198997,,,,1.0e-03,11.2
40,3.801425,0.618363,-3.202735,3.662752,100.0000,58.7606,1.0e-03,11.6
41,3.754308,0.615322,-3.206660,,,,1.0e-03,11.2
42,3.705558,0.613775,-3.208988,,,,1.0e-03,11.4
43,3.695145,0.611386,-3.211434,,,,1.0e-03,11.2
44,3.634164,0.609491,-3.209954,,,,1.0e-03,11.2
45,3.567714,0.607411,-3.212569,,,,1.0e-03,11.4
46,3.550296,0.605826,-3.216302,,,,9.9e-04,11.2
47,3.515946,0.604585,-3.215871,,,,9.9e-04,11.4
48,3.470459,0.602625,-3.219830,,,,9.9e-04,11.2
49,3.460899,0.601949,-3.220446,,,,9.9e-04,11.2
50,3.412073,0.600891,-3.225907,3.330782,100.0000,61.4947,9.9e-04,11.5
51,3.366533,0.598556,-3.228113,,,,9.9e-04,11.2
52,3.346186,0.597626,-3.229834,,,,9.9e-04,11.4
53,3.308062,0.596147,-3.234138,,,,9.9e-04,11.2
54,3.290896,0.595709,-3.235048,,,,9.9e-04,11.4
55,3.258074,0.593694,-3.236232,,,,9.9e-04,11.2
56,3.222021,0.591304,-3.236489,,,,9.9e-04,11.2
57,3.196533,0.590482,-3.242515,,,,9.9e-04,11.4
58,3.168355,0.589061,-3.246450,,,,9.9e-04,11.2
59,3.153721,0.587914,-3.245961,,,,9.9e-04,11.4
60,3.133447,0.586433,-3.247359,2.998352,100.0000,62.0879,9.9e-04,11.5
61,3.094958,0.585347,-3.251493,,,,9.9e-04,11.3
62,3.076203,0.584821,-3.254809,,,,9.9e-04,11.4
63,3.043030,0.581848,-3.254438,,,,9.9e-04,11.3
64,3.022641,0.581486,-3.256359,,,,9.9e-04,11.4
65,3.008160,0.581328,-3.259010,,,,9.9e-04,11.3
66,2.983938,0.579841,-3.260896,,,,9.9e-04,11.4
67,2.963016,0.579258,-3.262642,,,,9.9e-04,11.2
68,2.934819,0.578454,-3.263196,,,,9.9e-04,11.2
69,2.921649,0.577557,-3.267087,,,,9.9e-04,11.4
70,2.909800,0.577595,-3.269623,3.149321,100.0000,65.0634,9.9e-04,11.4
71,2.899229,0.576814,-3.272046,,,,9.9e-04,11.4
72,2.876603,0.575347,-3.273704,,,,9.9e-04,11.3
73,2.842267,0.574177,-3.275372,,,,9.9e-04,11.3
74,2.827909,0.573207,-3.277113,,,,9.9e-04,11.4
75,2.801800,0.573282,-3.279099,,,,9.9e-04,11.2
76,2.803619,0.573402,-3.281941,,,,9.9e-04,11.4
77,2.780243,0.571978,-3.283427,,,,9.9e-04,11.2
78,2.758148,0.571690,-3.283289,,,,9.9e-04,11.4
79,2.754513,0.571702,-3.282476,,,,9.8e-04,11.2
80,2.715839,0.569830,-3.287895,2.649127,100.0000,64.1279,9.8e-04,11.4
81,2.712581,0.569824,-3.290732,,,,9.8e-04,11.4
82,2.716141,0.569590,-3.292761,,,,9.8e-04,11.2
83,2.700067,0.569558,-3.292368,,,,9.8e-04,11.4
84,2.681748,0.568399,-3.296476,,,,9.8e-04,11.2
85,2.652902,0.567866,-3.299288,,,,9.8e-04,11.4
86,2.656316,0.567874,-3.299349,,,,9.8e-04,11.2
87,2.641346,0.567567,-3.302464,,,,9.8e-04,11.2
88,2.633274,0.566690,-3.304360,,,,9.8e-04,11.4
89,2.634901,0.567704,-3.305129,,,,9.8e-04,11.2
90,2.603593,0.565848,-3.308190,2.704072,100.0000,63.6603,9.8e-04,11.6
91,2.604367,0.567401,-3.299618,,,,9.8e-04,11.3
92,2.586833,0.565318,-3.306527,,,,9.8e-04,11.3
93,2.565830,0.566365,-3.310446,,,,9.8e-04,11.4
94,2.564617,0.566463,-3.311877,,,,9.8e-04,11.3
95,2.555664,0.565703,-3.315014,,,,9.8e-04,11.4
96,2.548796,0.566486,-3.316750,,,,9.8e-04,11.3
97,2.575002,0.568022,-3.317937,,,,9.8e-04,11.4
98,2.535400,0.565694,-3.317654,,,,9.8e-04,11.2
99,2.518679,0.565477,-3.318574,,,,9.8e-04,11.2
100,2.520286,0.566359,-3.324690,2.457053,100.0000,66.7687,9.8e-04,11.6
101,2.510528,0.566175,-3.322735,,,,9.8e-04,11.3
102,2.511148,0.565061,-3.324721,,,,9.7e-04,11.4
103,2.507122,0.566941,-3.324384,,,,9.7e-04,11.3
104,2.487675,0.565118,-3.325218,,,,9.7e-04,11.2
105,2.487152,0.564946,-3.325371,,,,9.7e-04,11.4
106,2.486318,0.566728,-3.326123,,,,9.7e-04,11.2
107,2.469425,0.566432,-3.329197,,,,9.7e-04,11.4
108,2.484984,0.566247,-3.329053,,,,9.7e-04,11.3
109,2.484094,0.566252,-3.331649,,,,9.7e-04,11.2
110,2.469324,0.566622,-3.330875,2.357578,100.0000,67.2997,9.7e-04,11.6
111,2.455009,0.565650,-3.330892,,,,9.7e-04,11.2
112,2.445839,0.566304,-3.334242,,,,9.7e-04,11.4
113,2.444937,0.566240,-3.333187,,,,9.7e-04,11.2
114,2.453890,0.567672,-3.333591,,,,9.7e-04,11.4
115,2.436368,0.566437,-3.335144,,,,9.7e-04,11.2
116,2.451886,0.568730,-3.332590,,,,9.7e-04,11.2
117,2.441346,0.564739,-3.330469,,,,9.7e-04,11.4
118,2.439126,0.563316,-3.331900,,,,9.7e-04,11.2
119,2.412505,0.560959,-3.334237,,,,9.7e-04,11.4
120,2.403438,0.564385,-3.340919,2.344554,100.0000,67.7095,9.7e-04,11.4
121,2.405882,0.566100,-3.340497,,,,9.6e-04,11.2
122,2.399271,0.564391,-3.340968,,,,9.6e-04,11.4
123,2.403879,0.565934,-3.345480,,,,9.6e-04,11.2
124,2.387243,0.567888,-3.345564,,,,9.6e-04,11.4
125,2.384129,0.567628,-3.349574,,,,9.6e-04,11.2
126,2.389448,0.566999,-3.346184,,,,9.6e-04,11.2
127,2.381187,0.566295,-3.347691,,,,9.6e-04,11.4
128,2.370567,0.569192,-3.350795,,,,9.6e-04,11.2
129,2.359197,0.566742,-3.352185,,,,9.6e-04,11.4
130,2.362256,0.567022,-3.350082,2.316423,100.0000,69.1721,9.6e-04,11.4
131,2.367450,0.567579,-3.352408,,,,9.6e-04,11.2
132,2.365745,0.566558,-3.353063,,,,9.6e-04,11.4
133,2.348044,0.566790,-3.352151,,,,9.6e-04,11.2
134,2.349297,0.567743,-3.354753,,,,9.6e-04,11.4
135,2.362582,0.570820,-3.358785,,,,9.6e-04,11.3
136,2.341603,0.568969,-3.355093,,,,9.6e-04,11.4
137,2.345166,0.567192,-3.358695,,,,9.5e-04,11.2
138,2.351869,0.567553,-3.356297,,,,9.5e-04,11.2
139,2.328463,0.563731,-3.355766,,,,9.5e-04,11.4
140,2.355070,0.565866,-3.354992,2.227404,100.0000,69.6112,9.5e-04,11.4
141,2.318973,0.562963,-3.359737,,,,9.5e-04,11.4
142,2.325124,0.565946,-3.362233,,,,9.5e-04,11.2
143,2.323044,0.565646,-3.359667,,,,9.5e-04,11.4
144,2.327410,0.569445,-3.365910,,,,9.5e-04,11.2
145,2.306123,0.567005,-3.365884,,,,9.5e-04,11.2
146,2.310555,0.568786,-3.364184,,,,9.5e-04,11.4
147,2.298885,0.563935,-3.356632,,,,9.5e-04,11.2
148,2.285980,0.568931,-3.368752,,,,9.5e-04,11.4
149,2.292050,0.571873,-3.368889,,,,9.5e-04,11.2
150,2.302077,0.570218,-3.368059,2.248813,100.0000,70.0710,9.5e-04,11.4
151,2.282613,0.568657,-3.370610,,,,9.5e-04,11.4
152,2.293221,0.572671,-3.370598,,,,9.4e-04,11.3
153,2.297057,0.572387,-3.371397,,,,9.4e-04,11.5
154,2.287431,0.570170,-3.368209,,,,9.4e-04,11.3
155,2.278128,0.570883,-3.374196,,,,9.4e-04,11.4
156,2.272006,0.568437,-3.374254,,,,9.4e-04,11.3
157,2.257198,0.569806,-3.376387,,,,9.4e-04,11.3
158,2.253203,0.571622,-3.377733,,,,9.4e-04,11.4
159,2.265034,0.570844,-3.372457,,,,9.4e-04,11.3
160,2.260588,0.569505,-3.374969,2.170923,100.0000,70.1482,9.4e-04,11.6
161,2.260868,0.568049,-3.373799,,,,9.4e-04,11.2
162,2.260593,0.570644,-3.377601,,,,9.4e-04,11.2
163,2.247629,0.568335,-3.376539,,,,9.4e-04,11.4
164,2.233819,0.569628,-3.380521,,,,9.4e-04,11.2
165,2.238228,0.569767,-3.379603,,,,9.3e-04,11.4
166,2.246780,0.569651,-3.378339,,,,9.3e-04,11.2
167,2.235888,0.571281,-3.386064,,,,9.3e-04,11.2
168,2.240344,0.569480,-3.379642,,,,9.3e-04,11.4
169,2.228339,0.569935,-3.382251,,,,9.3e-04,11.2
170,2.225174,0.570421,-3.385230,2.149000,100.0000,70.9153,9.3e-04,11.6
171,2.219778,0.568970,-3.380435,,,,9.3e-04,11.2
172,2.216446,0.569837,-3.382871,,,,9.3e-04,11.4
173,2.216077,0.568043,-3.383985,,,,9.3e-04,11.2
174,2.212935,0.570457,-3.387967,,,,9.3e-04,11.2
175,2.205973,0.568829,-3.384824,,,,9.3e-04,11.4
176,2.202544,0.569946,-3.389982,,,,9.3e-04,11.2
177,2.194422,0.569330,-3.391512,,,,9.3e-04,11.4
178,2.188990,0.569485,-3.393890,,,,9.2e-04,11.2
179,2.198532,0.570113,-3.388924,,,,9.2e-04,11.2
180,2.196854,0.569675,-3.392552,2.100561,100.0000,69.8181,9.2e-04,11.6
181,2.193871,0.568997,-3.392145,,,,9.2e-04,11.2
182,2.184920,0.570149,-3.395532,,,,9.2e-04,11.4
183,2.183086,0.568565,-3.392293,,,,9.2e-04,11.2
184,2.183263,0.568561,-3.392271,,,,9.2e-04,11.2
185,2.180158,0.569500,-3.397562,,,,9.2e-04,11.4
186,2.176628,0.572385,-3.398907,,,,9.2e-04,11.2
187,2.178159,0.570327,-3.401672,,,,9.2e-04,11.4
188,2.178927,0.570845,-3.401005,,,,9.2e-04,11.2
189,2.160934,0.568365,-3.396894,,,,9.2e-04,11.2
190,2.153588,0.569938,-3.405638,2.089270,100.0000,68.3223,9.1e-04,11.6
191,2.160331,0.568468,-3.402377,,,,9.1e-04,11.2
192,2.153621,0.566514,-3.400378,,,,9.1e-04,11.4
193,2.159056,0.570312,-3.400453,,,,9.1e-04,11.2
194,2.149285,0.569752,-3.404088,,,,9.1e-04,11.4
195,2.148757,0.567131,-3.400425,,,,9.1e-04,11.2
196,2.165214,0.566930,-3.399352,,,,9.1e-04,11.3
197,2.145382,0.567004,-3.401700,,,,9.1e-04,11.4
198,2.156384,0.565833,-3.400115,,,,9.1e-04,11.2
199,2.154141,0.567062,-3.403742,,,,9.1e-04,11.4
200,2.132425,0.568457,-3.405431,2.084291,100.0000,71.5073,9.1e-04,11.4
201,2.145509,0.569237,-3.405635,,,,9.0e-04,11.3
202,2.138017,0.567417,-3.401218,,,,9.0e-04,11.4
203,2.129015,0.566614,-3.403913,,,,9.0e-04,11.2
204,2.122709,0.567782,-3.407459,,,,9.0e-04,11.4
205,2.120889,0.569752,-3.409962,,,,9.0e-04,11.3
206,2.138241,0.570244,-3.404499,,,,9.0e-04,11.4
207,2.120542,0.567794,-3.403845,,,,9.0e-04,11.2
208,2.127623,0.570002,-3.407747,,,,9.0e-04,11.2
209,2.129469,0.566866,-3.402278,,,,9.0e-04,11.4
210,2.107616,0.563850,-3.404363,2.054720,100.0000,74.3894,9.0e-04,11.4
211,2.121427,0.564064,-3.405590,,,,9.0e-04,11.4
212,2.112141,0.564929,-3.407767,,,,8.9e-04,11.2
213,2.106581,0.568262,-3.407958,,,,8.9e-04,11.4
214,2.111746,0.566829,-3.407698,,,,8.9e-04,11.2
215,2.111732,0.565400,-3.405963,,,,8.9e-04,11.3
216,2.099697,0.564484,-3.406494,,,,8.9e-04,11.4
217,2.106378,0.564828,-3.405190,,,,8.9e-04,11.2
218,2.102411,0.567153,-3.407658,,,,8.9e-04,11.4
219,2.093774,0.567398,-3.412244,,,,8.9e-04,11.2
220,2.102346,0.566559,-3.407628,2.130028,100.0000,72.6349,8.9e-04,11.4
221,2.098226,0.568811,-3.413789,,,,8.9e-04,11.4
222,2.096269,0.568100,-3.413478,,,,8.8e-04,11.2
223,2.094153,0.568016,-3.412268,,,,8.8e-04,11.4
224,2.107677,0.563941,-3.405873,,,,8.8e-04,11.2
225,2.080590,0.566978,-3.414109,,,,8.8e-04,11.4
226,2.083103,0.567027,-3.408196,,,,8.8e-04,11.2
227,2.091846,0.563866,-3.409360,,,,8.8e-04,11.2
228,2.071371,0.567944,-3.415287,,,,8.8e-04,11.4
229,2.088434,0.562664,-3.409999,,,,8.8e-04,11.2
230,2.072461,0.564367,-3.411952,4.290686,100.0000,55.6915,8.8e-04,11.6
231,2.080882,0.565523,-3.408065,,,,8.8e-04,11.2
232,2.083118,0.562315,-3.406256,,,,8.7e-04,11.2
233,2.080121,0.561706,-3.409148,,,,8.7e-04,11.4
234,2.070049,0.563044,-3.412069,,,,8.7e-04,11.2
235,2.072030,0.564327,-3.410942,,,,8.7e-04,11.4
236,2.064633,0.563253,-3.406893,,,,8.7e-04,11.2
237,2.059213,0.566366,-3.414864,,,,8.7e-04,11.4
238,2.062414,0.565166,-3.414215,,,,8.7e-04,11.2
239,2.062236,0.567313,-3.419655,,,,8.7e-04,11.3
240,2.057902,0.567408,-3.417970,1.988123,100.0000,70.9782,8.7e-04,11.6
241,2.055616,0.567900,-3.419064,,,,8.6e-04,11.2
242,2.056538,0.565145,-3.415083,,,,8.6e-04,11.4
243,2.056510,0.562121,-3.413125,,,,8.6e-04,11.2
244,2.060635,0.564332,-3.413517,,,,8.6e-04,11.2
245,2.049117,0.563306,-3.416028,,,,8.6e-04,11.4
246,2.063951,0.563484,-3.418222,,,,8.6e-04,11.2
247,2.058602,0.562592,-3.418482,,,,8.6e-04,11.4
248,2.038367,0.557566,-3.417269,,,,8.6e-04,11.2
249,2.045649,0.561020,-3.416055,,,,8.6e-04,11.2
250,2.056630,0.565986,-3.418355,2.102271,100.0000,72.6252,8.6e-04,11.6
251,2.041541,0.566974,-3.423531,,,,8.5e-04,11.2
252,2.038074,0.559963,-3.418230,,,,8.5e-04,11.4
253,2.042778,0.566051,-3.424839,,,,8.5e-04,11.2
254,2.039505,0.564035,-3.420333,,,,8.5e-04,11.4
255,2.037427,0.565810,-3.422923,,,,8.5e-04,11.2
256,2.038548,0.565729,-3.424162,,,,8.5e-04,11.2
257,2.026054,0.564459,-3.420716,,,,8.5e-04,11.4
258,2.029809,0.566491,-3.423756,,,,8.5e-04,11.2
259,2.028034,0.563639,-3.423522,,,,8.4e-04,11.4
260,2.028192,0.565890,-3.427607,1.945391,100.0000,73.7995,8.4e-04,11.4
261,2.032431,0.565891,-3.425642,,,,8.4e-04,11.2
262,2.018832,0.563600,-3.424197,,,,8.4e-04,11.4
263,2.022671,0.564293,-3.426868,,,,8.4e-04,11.3
264,2.028545,0.561974,-3.423305,,,,8.4e-04,11.4
265,2.021269,0.565910,-3.424732,,,,8.4e-04,11.2
266,2.016204,0.565413,-3.428705,,,,8.4e-04,11.3
267,2.015441,0.563785,-3.424766,,,,8.4e-04,11.4
268,2.014251,0.565033,-3.424777,,,,8.3e-04,11.2
269,2.012108,0.564083,-3.422870,,,,8.3e-04,11.4
270,2.015622,0.563805,-3.424027,1.957846,100.0000,72.2800,8.3e-04,11.4
271,2.007770,0.565386,-3.429923,,,,8.3e-04,11.4
272,2.015218,0.567923,-3.425956,,,,8.3e-04,11.2
273,2.006058,0.565751,-3.432144,,,,8.3e-04,11.2
274,2.008098,0.566469,-3.432421,,,,8.3e-04,11.4
275,1.998313,0.563241,-3.430763,,,,8.3e-04,11.2
276,2.000644,0.566305,-3.431861,,,,8.3e-04,11.4
277,2.011129,0.564518,-3.428023,,,,8.2e-04,11.2
278,1.999694,0.564701,-3.430278,,,,8.2e-04,11.2
279,1.991683,0.560783,-3.428188,,,,8.2e-04,11.4
280,1.999403,0.565675,-3.432283,1.939471,100.0000,71.8850,8.2e-04,11.4
281,1.998036,0.562303,-3.428981,,,,8.2e-04,11.4
282,2.005100,0.563152,-3.429989,,,,8.2e-04,11.2
283,1.997775,0.564701,-3.432204,,,,8.2e-04,11.4
284,2.004464,0.562022,-3.432272,,,,8.2e-04,11.2
285,1.994525,0.564451,-3.432108,,,,8.1e-04,11.2
286,2.002353,0.565625,-3.432420,,,,8.1e-04,11.4
287,1.977813,0.555745,-3.429190,,,,8.1e-04,11.2
288,1.986035,0.565564,-3.433429,,,,8.1e-04,11.4
289,1.980529,0.565050,-3.435788,,,,8.1e-04,11.2
290,1.986045,0.562834,-3.433869,1.932215,100.0000,70.7684,8.1e-04,11.4
291,1.991268,0.562544,-3.427743,,,,8.1e-04,11.4
292,1.981467,0.562696,-3.429836,,,,8.1e-04,11.2
293,1.975453,0.563964,-3.433704,,,,8.0e-04,11.4
294,1.993754,0.564448,-3.431389,,,,8.0e-04,11.2
295,1.979245,0.563847,-3.434990,,,,8.0e-04,11.2
296,1.973633,0.564116,-3.435790,,,,8.0e-04,11.4
297,1.979736,0.565369,-3.434054,,,,8.0e-04,11.2
298,1.971961,0.561553,-3.432433,,,,8.0e-04,11.4
299,1.979598,0.562184,-3.434326,,,,8.0e-04,11.2
300,1.971643,0.559391,-3.430986,1.961729,100.0000,70.8158,8.0e-04,11.6
301,1.979044,0.561300,-3.433766,,,,7.9e-04,11.2
302,1.972234,0.561010,-3.430816,,,,7.9e-04,11.2
303,1.972305,0.561700,-3.431440,,,,7.9e-04,11.4
304,1.960207,0.560110,-3.430678,,,,7.9e-04,11.2
305,1.966975,0.562132,-3.431747,,,,7.9e-04,11.4
306,1.957908,0.560167,-3.434915,,,,7.9e-04,11.3
307,1.964269,0.565991,-3.433500,,,,7.9e-04,11.2
308,1.966171,0.562675,-3.433086,,,,7.9e-04,11.4
309,1.968132,0.561295,-3.430928,,,,7.8e-04,11.2
310,1.964520,0.564951,-3.437484,1.963194,100.0000,74.7267,7.8e-04,11.6
311,1.966570,0.562348,-3.432335,,,,7.8e-04,11.2
312,1.958450,0.561400,-3.429520,,,,7.8e-04,11.4
313,1.957705,0.563981,-3.431651,,,,7.8e-04,11.2
314,1.962592,0.566362,-3.431596,,,,7.8e-04,11.2
315,1.968920,0.560763,-3.428198,,,,7.8e-04,11.4
316,1.961277,0.559677,-3.430349,,,,7.8e-04,11.2
317,1.963322,0.561308,-3.427839,,,,7.7e-04,11.4
318,1.955527,0.561831,-3.432097,,,,7.7e-04,11.2
319,1.954836,0.561486,-3.427905,,,,7.7e-04,11.2
320,1.953307,0.559189,-3.431155,1.887375,100.0000,74.1635,7.7e-04,11.6
321,1.947722,0.558862,-3.433026,,,,7.7e-04,11.2
322,1.956737,0.563801,-3.434557,,,,7.7e-04,11.4
323,1.950758,0.561888,-3.434797,,,,7.7e-04,11.2
324,1.952011,0.563540,-3.429952,,,,7.6e-04,11.4
325,1.946158,0.565440,-3.437924,,,,7.6e-04,11.2
326,1.948566,0.566209,-3.437040,,,,7.6e-04,11.2
327,1.945260,0.561419,-3.432183,,,,7.6e-04,11.4
328,1.945653,0.563260,-3.431113,,,,7.6e-04,11.2
329,1.956487,0.563646,-3.431757,,,,7.6e-04,11.4
330,1.946255,0.563355,-3.436641,1.867534,100.0000,72.2598,7.6e-04,11.4
331,1.946084,0.566786,-3.437777,,,,7.6e-04,11.2
332,1.951902,0.566695,-3.436903,,,,7.5e-04,11.4
333,1.945121,0.566017,-3.435807,,,,7.5e-04,11.2
334,1.945374,0.564162,-3.432855,,,,7.5e-04,11.4
335,1.939022,0.563654,-3.431409,,,,7.5e-04,11.2
336,1.937182,0.564281,-3.432468,,,,7.5e-04,11.2
337,1.933956,0.561374,-3.432833,,,,7.5e-04,11.4
338,1.941053,0.564236,-3.433309,,,,7.5e-04,11.2
339,1.937461,0.565081,-3.442056,,,,7.4e-04,11.4
340,1.930707,0.563874,-3.439088,1.851820,100.0000,73.0592,7.4e-04,11.5
341,1.930275,0.563271,-3.436988,,,,7.4e-04,11.3
342,1.940545,0.563303,-3.434033,,,,7.4e-04,11.9
343,1.944604,0.560638,-3.431220,,,,7.4e-04,11.2
344,1.933205,0.561623,-3.433446,,,,7.4e-04,11.4
345,1.935348,0.563343,-3.433087,,,,7.4e-04,11.2
346,1.933781,0.561730,-3.433476,,,,7.4e-04,11.4
347,1.927498,0.563566,-3.436239,,,,7.3e-04,11.2
348,1.929823,0.565433,-3.440207,,,,7.3e-04,11.2
349,1.931292,0.567144,-3.438918,,,,7.3e-04,11.4
350,1.930925,0.559629,-3.432728,1.864513,100.0000,71.8319,7.3e-04,11.4
351,1.925937,0.560008,-3.434352,,,,7.3e-04,11.4
352,1.926051,0.565534,-3.439746,,,,7.3e-04,11.2
353,1.921075,0.563597,-3.443079,,,,7.3e-04,11.2
354,1.927115,0.566577,-3.442834,,,,7.2e-04,11.4
355,1.915023,0.563768,-3.442217,,,,7.2e-04,12.0
356,1.922086,0.565799,-3.439925,,,,7.2e-04,11.8
357,1.922093,0.565517,-3.440428,,,,7.2e-04,11.4
358,1.916447,0.562309,-3.439712,,,,7.2e-04,11.8
359,1.917547,0.562709,-3.439662,,,,7.2e-04,11.4
360,1.925916,0.566830,-3.439764,1.863573,100.0000,73.2204,7.2e-04,11.7
361,1.912123,0.564231,-3.442987,,,,7.1e-04,11.8
362,1.915317,0.563648,-3.442774,,,,7.1e-04,11.5
363,1.917137,0.560657,-3.433637,,,,7.1e-04,11.7
364,1.905891,0.559017,-3.436462,,,,7.1e-04,11.5
365,1.917382,0.562807,-3.440777,,,,7.1e-04,11.5
366,1.912237,0.564180,-3.444885,,,,7.1e-04,11.8
367,1.908439,0.559477,-3.439465,,,,7.1e-04,11.5
368,1.906042,0.562576,-3.442503,,,,7.0e-04,11.8
369,1.907027,0.565020,-3.442030,,,,7.0e-04,11.5
370,1.905996,0.566051,-3.443628,1.846763,100.0000,75.3929,7.0e-04,12.0
371,1.910568,0.565569,-3.443718,,,,7.0e-04,11.5
372,1.904041,0.562919,-3.443088,,,,7.0e-04,11.5
373,1.909124,0.566100,-3.444826,,,,7.0e-04,11.8
374,1.909714,0.563575,-3.443515,,,,7.0e-04,11.5
375,1.898743,0.564518,-3.445424,,,,6.9e-04,11.8
376,1.905818,0.562173,-3.445015,,,,6.9e-04,11.5
377,1.899119,0.565071,-3.445986,,,,6.9e-04,11.5
378,1.908245,0.561451,-3.443075,,,,6.9e-04,11.7
379,1.900783,0.562577,-3.444901,,,,6.9e-04,11.5
380,1.895131,0.563336,-3.441981,1.901475,100.0000,72.4213,6.9e-04,12.0
381,1.897203,0.564528,-3.444074,,,,6.9e-04,11.5
382,1.902841,0.566748,-3.447044,,,,6.8e-04,11.8
383,1.893990,0.565030,-3.449400,,,,6.8e-04,11.5
384,1.899415,0.566531,-3.446158,,,,6.8e-04,11.5
385,1.891977,0.567017,-3.449284,,,,6.8e-04,11.8
386,1.901736,0.565826,-3.447678,,,,6.8e-04,11.5
387,1.897122,0.568690,-3.449056,,,,6.8e-04,11.8
388,1.889694,0.563484,-3.446618,,,,6.8e-04,11.5
389,1.892652,0.564198,-3.446084,,,,6.7e-04,11.5
390,1.893839,0.564365,-3.443481,1.856527,100.0000,73.4139,6.7e-04,12.0
391,1.892223,0.561108,-3.441623,,,,6.7e-04,11.5
392,1.889479,0.564882,-3.447582,,,,6.7e-04,11.8
393,1.893813,0.563555,-3.444210,,,,6.7e-04,11.5
394,1.891199,0.564539,-3.446613,,,,6.7e-04,11.8
395,1.884544,0.564098,-3.448038,,,,6.7e-04,11.5
396,1.884731,0.559764,-3.445731,,,,6.6e-04,11.5
397,1.881265,0.562122,-3.445072,,,,6.6e-04,11.9
398,1.881224,0.562277,-3.450228,,,,6.6e-04,11.5
399,1.879540,0.562731,-3.450796,,,,6.6e-04,11.9
400,1.879358,0.561861,-3.445967,1.843299,100.0000,74.8461,6.6e-04,11.7
401,1.883526,0.564054,-3.447993,,,,6.6e-04,11.5
402,1.880500,0.564842,-3.450463,,,,6.6e-04,11.8
403,1.878321,0.559882,-3.446322,,,,6.5e-04,11.5
404,1.877754,0.560379,-3.448220,,,,6.5e-04,11.8
405,1.879475,0.561346,-3.445564,,,,6.5e-04,11.5
406,1.874381,0.559611,-3.445684,,,,6.5e-04,11.5
407,1.874530,0.561556,-3.450742,,,,6.5e-04,11.8
408,1.873362,0.562483,-3.452531,,,,6.5e-04,11.5
409,1.873218,0.563790,-3.448497,,,,6.4e-04,11.8
410,1.870220,0.562755,-3.444588,1.811479,100.0000,73.1315,6.4e-04,11.7
411,1.870931,0.565487,-3.449862,,,,6.4e-04,11.5
412,1.876199,0.565723,-3.451928,,,,6.4e-04,11.8
413,1.870424,0.561825,-3.446325,,,,6.4e-04,11.5
414,1.868049,0.563576,-3.448308,,,,6.4e-04,11.8
415,1.869368,0.564309,-3.448684,,,,6.4e-04,11.5
416,1.871628,0.562223,-3.446160,,,,6.3e-04,11.9
417,1.869262,0.561001,-3.446374,,,,6.3e-04,11.5
418,1.861748,0.561748,-3.449123,,,,6.3e-04,11.5
419,1.868210,0.566182,-3.451500,,,,6.3e-04,11.9
420,1.866597,0.566231,-3.453491,1.821080,100.0000,72.9895,6.3e-04,11.7
421,1.869425,0.563418,-3.451254,,,,6.3e-04,11.9
422,1.867412,0.563002,-3.447338,,,,6.3e-04,11.5
423,1.861317,0.564399,-3.453438,,,,6.2e-04,11.5
424,1.865487,0.565583,-3.451102,,,,6.2e-04,11.8
425,1.863367,0.562485,-3.445579,,,,6.2e-04,11.5
426,1.860760,0.559593,-3.449554,,,,6.2e-04,11.8
427,1.856925,0.556877,-3.449129,,,,6.2e-04,11.5
428,1.860071,0.562961,-3.451598,,,,6.2e-04,11.8
429,1.866276,0.562405,-3.452602,,,,6.1e-04,11.5
430,1.856533,0.563540,-3.453636,1.804977,100.0000,72.7923,6.1e-04,11.7
431,1.859732,0.563919,-3.451548,,,,6.1e-04,11.8
432,1.864733,0.567207,-3.455675,,,,6.1e-04,11.6
433,1.858607,0.565097,-3.451735,,,,6.1e-04,11.8
434,1.852592,0.565184,-3.455948,,,,6.1e-04,11.5
435,1.851347,0.564104,-3.453596,,,,6.1e-04,11.8
436,1.853294,0.562980,-3.452022,,,,6.0e-04,11.5
437,1.859839,0.565495,-3.448377,,,,6.0e-04,11.5
438,1.860296,0.565663,-3.453134,,,,6.0e-04,11.8
439,1.856440,0.566542,-3.458955,,,,6.0e-04,11.5
440,1.858018,0.566437,-3.455088,1.809217,100.0000,71.7201,6.0e-04,12.0
441,1.851762,0.568588,-3.454277,,,,6.0e-04,11.5
442,1.852546,0.565599,-3.453193,,,,5.9e-04,11.5
443,1.848106,0.559704,-3.449527,,,,5.9e-04,11.8
444,1.850219,0.561908,-3.450516,,,,5.9e-04,11.5
445,1.847702,0.564616,-3.455475,,,,5.9e-04,11.8
446,1.842505,0.565632,-3.457224,,,,5.9e-04,11.5
447,1.847283,0.564738,-3.455888,,,,5.9e-04,11.8
448,1.840189,0.564053,-3.455329,,,,5.9e-04,11.5
449,1.849816,0.563787,-3.454022,,,,5.8e-04,11.5
450,1.844041,0.566684,-3.457434,1.827822,100.0000,68.9859,5.8e-04,12.0
451,1.849162,0.567167,-3.456723,,,,5.8e-04,11.5
452,1.845771,0.563493,-3.452140,,,,5.8e-04,11.8
453,1.844140,0.559057,-3.447850,,,,5.8e-04,11.5
454,1.843718,0.563474,-3.453627,,,,5.8e-04,11.5
455,1.841829,0.558833,-3.453541,,,,5.7e-04,11.8
456,1.834401,0.559445,-3.454557,,,,5.7e-04,11.5
457,1.837962,0.564264,-3.458481,,,,5.7e-04,11.8
458,1.839452,0.563442,-3.457190,,,,5.7e-04,11.5
459,1.837608,0.561132,-3.454948,,,,5.7e-04,11.5
460,1.836216,0.559723,-3.454633,1.775223,100.0000,71.7564,5.7e-04,12.0
461,1.836611,0.559283,-3.452164,,,,5.7e-04,11.5
462,1.833187,0.561115,-3.456214,,,,5.6e-04,11.8
463,1.837733,0.559096,-3.454809,,,,5.6e-04,11.5
464,1.830755,0.561546,-3.454819,,,,5.6e-04,11.5
465,1.836641,0.561944,-3.456248,,,,5.6e-04,11.8
466,1.834684,0.558245,-3.451601,,,,5.6e-04,11.5
467,1.833032,0.558330,-3.455247,,,,5.6e-04,11.8
468,1.827343,0.560753,-3.455017,,,,5.5e-04,11.5
469,1.830080,0.560746,-3.453807,,,,5.5e-04,11.5
470,1.833738,0.562740,-3.458028,1.768674,100.0000,74.9237,5.5e-04,12.0
471,1.833010,0.562028,-3.456427,,,,5.5e-04,11.5
472,1.825677,0.557421,-3.455737,,,,5.5e-04,11.8
473,1.824275,0.560923,-3.457811,,,,5.5e-04,11.5
474,1.824874,0.561862,-3.458447,,,,5.5e-04,11.7
475,1.826779,0.563100,-3.456637,,,,5.4e-04,11.4
476,1.830790,0.562088,-3.459143,,,,5.4e-04,11.5
477,1.831351,0.566223,-3.458338,,,,5.4e-04,11.7
478,1.830025,0.565046,-3.457255,,,,5.4e-04,11.4
479,1.827399,0.563183,-3.458306,,,,5.4e-04,11.8
480,1.822971,0.560901,-3.458990,1.798308,100.0000,71.9113,5.4e-04,11.7
481,1.818171,0.559908,-3.458245,,,,5.3e-04,11.5
482,1.820076,0.563281,-3.459380,,,,5.3e-04,11.7
483,1.823452,0.561190,-3.455486,,,,5.3e-04,11.4
484,1.825622,0.563389,-3.460247,,,,5.3e-04,11.7
485,1.819595,0.562828,-3.459232,,,,5.3e-04,11.5
486,1.821194,0.561326,-3.459288,,,,5.3e-04,11.7
487,1.817686,0.561942,-3.461275,,,,5.3e-04,11.4
488,1.818373,0.564134,-3.462425,,,,5.2e-04,11.5
489,1.822034,0.563613,-3.458300,,,,5.2e-04,11.7
490,1.814230,0.559891,-3.456998,1.815426,100.0000,75.1332,5.2e-04,11.7
491,1.816900,0.559888,-3.458199,,,,5.2e-04,11.8
492,1.811107,0.557490,-3.456202,,,,5.2e-04,11.5
493,1.816482,0.563914,-3.459251,,,,5.2e-04,11.7
494,1.814537,0.561407,-3.459910,,,,5.1e-04,11.4
495,1.815594,0.566561,-3.463695,,,,5.1e-04,11.5
496,1.815050,0.565851,-3.466182,,,,5.1e-04,11.7
497,1.820814,0.566882,-3.464519,,,,5.1e-04,11.5
498,1.812449,0.559883,-3.454113,,,,5.1e-04,11.8
499,1.808659,0.561245,-3.457940,,,,5.1e-04,11.5
500,1.813531,0.561423,-3.456090,1.737830,100.0000,73.6893,5.1e-04,11.9
501,1.814834,0.562754,-3.458961,,,,5.0e-04,11.5
502,1.807918,0.563777,-3.462770,,,,5.0e-04,11.5
503,1.812108,0.563821,-3.462546,,,,5.0e-04,11.7
504,1.813760,0.561446,-3.461129,,,,5.0e-04,11.5
505,1.813820,0.563663,-3.462477,,,,5.0e-04,11.8
506,1.810825,0.563438,-3.461377,,,,5.0e-04,11.5
507,1.809456,0.563670,-3.460145,,,,4.9e-04,11.4
508,1.806719,0.563589,-3.463481,,,,4.9e-04,11.7
509,1.803753,0.562650,-3.462449,,,,4.9e-04,11.4
510,1.812803,0.566098,-3.464879,1.783610,100.0000,76.1394,4.9e-04,12.0
511,1.805619,0.564267,-3.462248,,,,4.9e-04,11.5
512,1.804493,0.562556,-3.462413,,,,4.9e-04,11.7
513,1.799902,0.561060,-3.461976,,,,4.8e-04,11.4
514,1.803790,0.562833,-3.461230,,,,4.8e-04,11.4
515,1.799974,0.562700,-3.464615,,,,4.8e-04,11.8
516,1.802477,0.558296,-3.460323,,,,4.8e-04,11.5
517,1.803280,0.559163,-3.459014,,,,4.8e-04,11.8
518,1.805682,0.560224,-3.461990,,,,4.8e-04,11.5
519,1.805114,0.560282,-3.461738,,,,4.8e-04,11.5
520,1.796825,0.559458,-3.465419,1.736934,100.0000,74.7279,4.7e-04,11.9
521,1.801237,0.558999,-3.462475,,,,4.7e-04,11.5
522,1.796901,0.558137,-3.463427,,,,4.7e-04,11.7
523,1.795036,0.562704,-3.465160,,,,4.7e-04,11.4
524,1.801918,0.560769,-3.461238,,,,4.7e-04,11.8
525,1.795587,0.553668,-3.456389,,,,4.7e-04,11.4
526,1.797294,0.554417,-3.456834,,,,4.6e-04,11.5
527,1.792006,0.555728,-3.460697,,,,4.6e-04,11.8
528,1.789428,0.555930,-3.461018,,,,4.6e-04,11.5
529,1.793861,0.557456,-3.461107,,,,4.6e-04,11.8
530,1.791591,0.560211,-3.465897,1.712442,100.0000,75.5344,4.6e-04,11.7
531,1.788229,0.558981,-3.462915,,,,4.6e-04,11.8
532,1.792974,0.555385,-3.459011,,,,4.6e-04,11.5
533,1.793824,0.560841,-3.464166,,,,4.5e-04,11.5
534,1.791284,0.563035,-3.464849,,,,4.5e-04,11.8
535,1.792280,0.558958,-3.464641,,,,4.5e-04,11.4
536,1.793442,0.558519,-3.462154,,,,4.5e-04,11.8
537,1.793424,0.557738,-3.461716,,,,4.5e-04,11.4
538,1.793509,0.561785,-3.467373,,,,4.5e-04,11.5
539,1.786518,0.562901,-3.466502,,,,4.4e-04,11.8
540,1.790549,0.562919,-3.464318,1.762608,100.0000,73.7180,4.4e-04,11.7
541,1.790220,0.564486,-3.469304,,,,4.4e-04,11.7
542,1.788041,0.564401,-3.468112,,,,4.4e-04,11.4
543,1.788741,0.558918,-3.466463,,,,4.4e-04,11.4
544,1.783761,0.561868,-3.468136,,,,4.4e-04,11.7
545,1.790503,0.561209,-3.466204,,,,4.4e-04,11.4
546,1.787571,0.563035,-3.466300,,,,4.3e-04,11.7
547,1.789678,0.564720,-3.465824,,,,4.3e-04,11.5
548,1.785559,0.564862,-3.467411,,,,4.3e-04,11.5
549,1.784267,0.562333,-3.466496,,,,4.3e-04,11.8
550,1.785915,0.565206,-3.466972,1.720943,100.0000,77.4923,4.3e-04,11.6
551,1.789299,0.556780,-3.462376,,,,4.3e-04,11.8
552,1.785236,0.554968,-3.459036,,,,4.2e-04,11.5
553,1.782971,0.560440,-3.466058,,,,4.2e-04,11.7
554,1.780901,0.562405,-3.467684,,,,4.2e-04,11.5
555,1.782163,0.560031,-3.464697,,,,4.2e-04,11.4
556,1.782981,0.561934,-3.467077,,,,4.2e-04,11.7
557,1.780526,0.561946,-3.465511,,,,4.2e-04,11.4
558,1.782077,0.562863,-3.466511,,,,4.2e-04,11.7
559,1.784193,0.564256,-3.465520,,,,4.1e-04,11.5
560,1.783076,0.562819,-3.463978,1.687882,100.0000,75.3523,4.1e-04,11.6
561,1.782954,0.563233,-3.468071,,,,4.1e-04,11.7
562,1.931616,0.568933,-3.450793,,,,4.1e-04,11.4
563,1.794998,0.556708,-3.457452,,,,4.1e-04,11.7
564,1.782336,0.559024,-3.462922,,,,4.1e-04,11.4
565,1.779209,0.559638,-3.463846,,,,4.0e-04,11.4
566,1.778840,0.562117,-3.465666,,,,4.0e-04,11.7
567,1.781793,0.564397,-3.467658,,,,4.0e-04,11.4
568,1.780491,0.559378,-3.463088,,,,4.0e-04,11.7
569,1.775067,0.559689,-3.463240,,,,4.0e-04,11.4
570,1.772578,0.556914,-3.460323,1.692980,100.0000,75.7541,4.0e-04,11.9
571,1.774835,0.561160,-3.464569,,,,4.0e-04,11.4
572,1.776925,0.560826,-3.467096,,,,3.9e-04,11.4
573,1.770255,0.558739,-3.467616,,,,3.9e-04,11.8
574,1.772112,0.559201,-3.465617,,,,3.9e-04,11.5
575,1.767210,0.560633,-3.469453,,,,3.9e-04,11.8
576,1.777249,0.561672,-3.466572,,,,3.9e-04,11.4
577,1.768800,0.562752,-3.467957,,,,3.9e-04,11.4
578,1.770294,0.562493,-3.468933,,,,3.8e-04,11.7
579,1.775243,0.563551,-3.467684,,,,3.8e-04,11.4
580,1.773367,0.560962,-3.467019,1.711645,100.0000,76.3116,3.8e-04,11.9
581,1.775111,0.562409,-3.465878,,,,3.8e-04,11.5
582,1.768197,0.561310,-3.470316,,,,3.8e-04,11.7
583,1.766833,0.558324,-3.468795,,,,3.8e-04,11.4
584,1.769265,0.561406,-3.467214,,,,3.8e-04,11.5
585,1.770876,0.560143,-3.466679,,,,3.7e-04,11.8
586,1.770366,0.558144,-3.464040,,,,3.7e-04,11.5
587,1.770038,0.560966,-3.467262,,,,3.7e-04,11.8
588,1.771803,0.562534,-3.468525,,,,3.7e-04,11.4
589,1.766706,0.557910,-3.465751,,,,3.7e-04,11.4
590,1.763130,0.557424,-3.464266,1.691755,100.0000,76.3122,3.7e-04,11.9
591,1.766197,0.563557,-3.471014,,,,3.7e-04,11.5
592,1.768253,0.565051,-3.472607,,,,3.6e-04,11.7
593,1.768184,0.562072,-3.468748,,,,3.6e-04,11.4
594,1.767371,0.561090,-3.468615,,,,3.6e-04,11.7
595,1.766604,0.561182,-3.468852,,,,3.6e-04,11.4
596,1.761235,0.559054,-3.469372,,,,3.6e-04,11.4
597,1.765236,0.560911,-3.468541,,,,3.6e-04,11.7
598,1.765636,0.564720,-3.470085,,,,3.5e-04,11.4
599,1.763162,0.563353,-3.474374,,,,3.5e-04,11.7
600,1.767794,0.563783,-3.472538,1.729306,100.0000,71.6683,3.5e-04,11.6
601,1.762207,0.560815,-3.470437,,,,3.5e-04,11.4
602,1.762849,0.561639,-3.469633,,,,3.5e-04,11.7
603,1.760704,0.562379,-3.472151,,,,3.5e-04,11.4
604,1.760445,0.562585,-3.472491,,,,3.5e-04,11.7
605,1.762396,0.564287,-3.471017,,,,3.4e-04,11.4
606,1.757587,0.565132,-3.473627,,,,3.4e-04,11.5
607,1.766334,0.564432,-3.471921,,,,3.4e-04,11.8
608,1.758507,0.563750,-3.471299,,,,3.4e-04,11.4
609,1.758449,0.563914,-3.472246,,,,3.4e-04,11.7
610,1.762513,0.565418,-3.473351,1.689935,100.0000,74.9860,3.4e-04,11.6
611,1.759411,0.563228,-3.472421,,,,3.4e-04,11.5
612,1.759104,0.563122,-3.471763,,,,3.3e-04,11.8
613,1.757965,0.562117,-3.472785,,,,3.3e-04,11.4
614,1.756778,0.562584,-3.472723,,,,3.3e-04,11.7
615,1.759427,0.564968,-3.473913,,,,3.3e-04,11.5
616,1.756113,0.565126,-3.473970,,,,3.3e-04,11.8
617,1.760248,0.563955,-3.472107,,,,3.3e-04,12.3
618,1.755388,0.559952,-3.470408,,,,3.3e-04,11.5
619,1.758965,0.562141,-3.470331,,,,3.2e-04,11.8
620,1.753129,0.564636,-3.475578,1.689942,100.0000,74.9145,3.2e-04,11.7
621,1.758830,0.565153,-3.475850,,,,3.2e-04,11.8
622,1.758824,0.563553,-3.473013,,,,3.2e-04,11.5
623,1.749249,0.562966,-3.473101,,,,3.2e-04,11.8
624,1.752204,0.562242,-3.473162,,,,3.2e-04,11.5
625,1.756988,0.563302,-3.472289,,,,3.2e-04,11.5
626,1.750892,0.558864,-3.472539,,,,3.1e-04,11.8
627,1.747577,0.557988,-3.472567,,,,3.1e-04,11.5
628,1.753099,0.562824,-3.476268,,,,3.1e-04,11.8
629,1.755930,0.564225,-3.474273,,,,3.1e-04,11.5
630,1.757221,0.561652,-3.470003,1.687513,100.0000,74.7772,3.1e-04,12.0
631,1.753916,0.559729,-3.470132,,,,3.1e-04,11.5
632,1.748159,0.562383,-3.472810,,,,3.1e-04,11.4
633,1.750886,0.563729,-3.473780,,,,3.0e-04,11.8
634,1.752166,0.564178,-3.474313,,,,3.0e-04,11.4
635,1.748593,0.563600,-3.473492,,,,3.0e-04,11.8
636,1.750889,0.565559,-3.475867,,,,3.0e-04,11.5
637,1.754418,0.564656,-3.474330,,,,3.0e-04,11.4
638,1.747443,0.562598,-3.473380,,,,3.0e-04,11.7
639,1.746398,0.561346,-3.469783,,,,3.0e-04,11.4
640,1.749346,0.562017,-3.473685,1.664050,100.0000,76.9807,2.9e-04,12.0
641,1.748682,0.562062,-3.471869,,,,2.9e-04,11.5
642,1.748834,0.564842,-3.472782,,,,2.9e-04,11.8
643,1.747786,0.564090,-3.474487,,,,2.9e-04,11.5
644,1.748178,0.564021,-3.472052,,,,2.9e-04,11.5
645,1.749378,0.564136,-3.473262,,,,2.9e-04,11.8
646,1.744697,0.559310,-3.470635,,,,2.9e-04,11.5
647,1.744964,0.563322,-3.475562,,,,2.8e-04,11.8
648,1.747349,0.564394,-3.476154,,,,2.8e-04,11.5
649,1.744515,0.562388,-3.473763,,,,2.8e-04,11.5
650,1.740669,0.563745,-3.474073,1.696692,100.0000,74.8599,2.8e-04,12.0
651,1.743701,0.564342,-3.475422,,,,2.8e-04,11.5
652,1.744902,0.561197,-3.471841,,,,2.8e-04,11.8
653,1.746141,0.562708,-3.471474,,,,2.8e-04,11.5
654,1.741146,0.563154,-3.472517,,,,2.7e-04,11.5
655,1.743458,0.565996,-3.475544,,,,2.7e-04,11.8
656,1.740381,0.562532,-3.474383,,,,2.7e-04,11.5
657,1.746437,0.565364,-3.476343,,,,2.7e-04,11.8
658,1.739295,0.563186,-3.473434,,,,2.7e-04,11.5
659,1.743850,0.565112,-3.477287,,,,2.7e-04,11.5
660,1.741889,0.563264,-3.473601,1.686939,100.0000,77.6564,2.7e-04,12.0
661,1.740370,0.562086,-3.472319,,,,2.7e-04,11.5
662,1.741621,0.563181,-3.475427,,,,2.6e-04,11.8
663,1.739876,0.564044,-3.474849,,,,2.6e-04,11.5
664,1.740630,0.565625,-3.476122,,,,2.6e-04,11.5
665,1.737150,0.562121,-3.475292,,,,2.6e-04,11.8
666,1.739256,0.565206,-3.477993,,,,2.6e-04,11.5
667,1.740421,0.565057,-3.476142,,,,2.6e-04,11.8
668,1.739601,0.564774,-3.477200,,,,2.6e-04,11.5
669,1.737797,0.561794,-3.475574,,,,2.5e-04,11.8
670,1.738771,0.564641,-3.476012,1.701110,100.0000,72.7670,2.5e-04,11.6
671,1.738595,0.561340,-3.472625,,,,2.5e-04,11.8
672,1.735902,0.560596,-3.475112,,,,2.5e-04,11.5
673,1.736852,0.562963,-3.475585,,,,2.5e-04,11.5
674,1.735409,0.560996,-3.474619,,,,2.5e-04,11.8
675,1.734558,0.561851,-3.474735,,,,2.5e-04,11.5
676,1.735790,0.563549,-3.476005,,,,2.5e-04,11.7
677,1.736971,0.561992,-3.476972,,,,2.4e-04,11.5
678,1.734669,0.563660,-3.475684,,,,2.4e-04,12.0
679,1.736137,0.564000,-3.475806,,,,2.4e-04,11.9
680,1.734367,0.561443,-3.474355,1.674859,100.0000,73.8204,2.4e-04,11.7
681,1.736780,0.563982,-3.477564,,,,2.4e-04,11.8
682,1.737136,0.565471,-3.475390,,,,2.4e-04,11.5
683,1.735775,0.565761,-3.478085,,,,2.4e-04,11.4
684,1.733620,0.562372,-3.475988,,,,2.3e-04,11.7
685,1.734245,0.562869,-3.476408,,,,2.3e-04,11.4
686,1.730965,0.564649,-3.477211,,,,2.3e-04,11.8
687,1.731927,0.562747,-3.477537,,,,2.3e-04,11.4
688,1.732540,0.563551,-3.479957,,,,2.3e-04,11.4
689,1.732254,0.564572,-3.478930,,,,2.3e-04,11.7
690,1.732087,0.563074,-3.478574,1.682657,100.0000,76.1513,2.3e-04,11.6
691,1.729899,0.562432,-3.479474,,,,2.3e-04,11.7
692,1.730358,0.563616,-3.479850,,,,2.2e-04,11.5
693,1.730087,0.564249,-3.479085,,,,2.2e-04,11.7
694,1.731041,0.563533,-3.476877,,,,2.2e-04,11.4
695,1.730273,0.564083,-3.479489,,,,2.2e-04,11.4
696,1.765946,0.562995,-3.469030,,,,2.2e-04,11.7
697,1.725172,0.558805,-3.476022,,,,2.2e-04,11.4
698,1.726015,0.559113,-3.475100,,,,2.2e-04,11.7
699,1.725781,0.560944,-3.475997,,,,2.2e-04,11.4
700,1.724932,0.563311,-3.479076,1.661176,100.0000,76.7145,2.1e-04,11.6
701,1.727307,0.562435,-3.478542,,,,2.1e-04,11.8
702,1.725854,0.561521,-3.476279,,,,2.1e-04,11.5
703,1.727256,0.563938,-3.479663,,,,2.1e-04,11.8
704,1.726189,0.564819,-3.480142,,,,2.1e-04,11.5
705,1.723756,0.562128,-3.478792,,,,2.1e-04,11.5
706,1.726693,0.563304,-3.478315,,,,2.1e-04,11.9
707,1.721195,0.562052,-3.478712,,,,2.1e-04,11.4
708,1.724365,0.564886,-3.478761,,,,2.0e-04,11.7
709,1.727096,0.566449,-3.480978,,,,2.0e-04,11.4
710,1.724353,0.565262,-3.480451,1.654211,100.0000,75.5804,2.0e-04,11.9
711,1.726869,0.563364,-3.479032,,,,2.0e-04,11.5
712,1.725761,0.561774,-3.477466,,,,2.0e-04,11.5
713,1.724045,0.561707,-3.477400,,,,2.0e-04,11.8
714,1.724753,0.563149,-3.478041,,,,2.0e-04,11.5
715,1.722254,0.561022,-3.477568,,,,2.0e-04,11.7
716,1.723788,0.562274,-3.478655,,,,1.9e-04,11.5
717,1.722442,0.561842,-3.475951,,,,1.9e-04,11.4
718,1.720168,0.561497,-3.478641,,,,1.9e-04,11.7
719,1.721374,0.562927,-3.481264,,,,1.9e-04,11.5
720,1.721031,0.564579,-3.482274,1.639540,100.0000,77.4932,1.9e-04,12.0
721,1.723419,0.565509,-3.482211,,,,1.9e-04,11.4
722,1.722334,0.565582,-3.479609,,,,1.9e-04,11.8
723,1.720924,0.565498,-3.480970,,,,1.9e-04,11.5
724,1.725946,0.566003,-3.482475,,,,1.8e-04,11.4
725,1.726432,0.566190,-3.481058,,,,1.8e-04,11.7
726,1.720959,0.565594,-3.481012,,,,1.8e-04,11.4
727,1.720896,0.564751,-3.480595,,,,1.8e-04,11.4
728,1.720845,0.566959,-3.481507,,,,1.8e-04,11.7
729,1.721254,0.567447,-3.480625,,,,1.8e-04,11.4
730,1.724672,0.565975,-3.481773,1.671598,100.0000,77.6280,1.8e-04,11.9
731,1.720597,0.564813,-3.481124,,,,1.8e-04,11.4
732,1.719506,0.563874,-3.479516,,,,1.8e-04,11.8
733,1.723846,0.568188,-3.479804,,,,1.7e-04,11.4
734,1.721598,0.568274,-3.481427,,,,1.7e-04,11.4
735,1.721539,0.567202,-3.482666,,,,1.7e-04,11.7
736,1.723165,0.568319,-3.482465,,,,1.7e-04,11.5
737,1.719518,0.566859,-3.483405,,,,1.7e-04,11.7
738,1.720062,0.565781,-3.481130,,,,1.7e-04,11.5
739,1.720817,0.564698,-3.479275,,,,1.7e-04,11.4
740,1.714321,0.560812,-3.479360,1.633742,100.0000,75.5563,1.7e-04,11.9
741,1.716704,0.565355,-3.481029,,,,1.7e-04,11.5
742,1.717808,0.564816,-3.481086,,,,1.6e-04,11.7
743,1.717519,0.564835,-3.481681,,,,1.6e-04,11.4
744,1.716255,0.565270,-3.481086,,,,1.6e-04,11.4
745,1.715825,0.565337,-3.481536,,,,1.6e-04,11.7
746,1.719287,0.566813,-3.481781,,,,1.6e-04,11.4
747,1.717714,0.565546,-3.480220,,,,1.6e-04,11.7
748,1.716921,0.565610,-3.483678,,,,1.6e-04,11.4
749,1.719981,0.565589,-3.482261,,,,1.6e-04,11.4
750,1.717233,0.565685,-3.482745,1.633605,100.0000,76.8729,1.5e-04,11.9
751,1.717037,0.565857,-3.482675,,,,1.5e-04,11.4
752,1.715520,0.567004,-3.482270,,,,1.5e-04,11.8
753,1.714910,0.567036,-3.483688,,,,1.5e-04,11.4
754,1.713759,0.566454,-3.482406,,,,1.5e-04,11.7
755,1.716338,0.567051,-3.482012,,,,1.5e-04,11.4
756,1.715681,0.566966,-3.482608,,,,1.5e-04,11.4
757,1.716379,0.567083,-3.482476,,,,1.5e-04,11.7
758,1.712232,0.565520,-3.482450,,,,1.5e-04,11.4
759,1.712860,0.565757,-3.481878,,,,1.5e-04,11.7
760,1.712702,0.564018,-3.481489,1.636040,100.0000,74.4220,1.4e-04,11.6
761,1.712249,0.565125,-3.482428,,,,1.4e-04,11.4
762,1.711186,0.564559,-3.482401,,,,1.4e-04,11.7
763,1.713799,0.566382,-3.483318,,,,1.4e-04,11.4
764,1.712480,0.566580,-3.483653,,,,1.4e-04,11.7
765,1.712829,0.565866,-3.482259,,,,1.4e-04,11.4
766,1.710825,0.563477,-3.481248,,,,1.4e-04,11.7
767,1.710310,0.566323,-3.484130,,,,1.4e-04,11.4
768,1.710935,0.566779,-3.484187,,,,1.4e-04,11.3
769,1.711583,0.567107,-3.483212,,,,1.3e-04,11.4
770,1.713528,0.566977,-3.485277,1.625000,100.0000,79.1424,1.3e-04,11.4
771,1.712951,0.567627,-3.485405,,,,1.3e-04,11.3
772,1.710834,0.568742,-3.485676,,,,1.3e-04,11.1
773,1.712573,0.569920,-3.486703,,,,1.3e-04,11.1
774,1.711959,0.568500,-3.485629,,,,1.3e-04,11.3
775,1.711750,0.568591,-3.485010,,,,1.3e-04,11.2
776,1.712494,0.567315,-3.484091,,,,1.3e-04,11.3
777,1.708947,0.564642,-3.480901,,,,1.3e-04,11.2
778,1.709701,0.564250,-3.481865,,,,1.3e-04,11.3
779,1.707451,0.563379,-3.482952,,,,1.2e-04,11.2
780,1.708109,0.566300,-3.483518,1.647493,100.0000,77.2439,1.2e-04,11.3
781,1.709084,0.568123,-3.485752,,,,1.2e-04,11.3
782,1.711958,0.566890,-3.483262,,,,1.2e-04,11.2
783,1.708999,0.565095,-3.482193,,,,1.2e-04,11.3
784,1.703809,0.563305,-3.483023,,,,1.2e-04,11.2
785,1.705409,0.562892,-3.483366,,,,1.2e-04,11.3
786,1.705986,0.565138,-3.482490,,,,1.2e-04,11.2
787,1.706379,0.564238,-3.482580,,,,1.2e-04,11.2
788,1.704870,0.564123,-3.483033,,,,1.2e-04,11.3
789,1.707984,0.566161,-3.481963,,,,1.1e-04,11.2
790,1.707621,0.567773,-3.486277,1.650910,100.0000,75.4369,1.1e-04,11.5
791,1.708302,0.568145,-3.483188,,,,1.1e-04,11.2
792,1.709511,0.569421,-3.484078,,,,1.1e-04,11.2
793,1.709500,0.568011,-3.484186,,,,1.1e-04,11.3
794,1.709088,0.568240,-3.483996,,,,1.1e-04,11.2
795,1.706873,0.566994,-3.484923,,,,1.1e-04,11.3
796,1.705382,0.564321,-3.482258,,,,1.1e-04,11.2
797,1.704224,0.565281,-3.481669,,,,1.1e-04,11.3
798,1.705491,0.565434,-3.484784,,,,1.1e-04,11.2
799,1.704067,0.565112,-3.484477,,,,1.1e-04,11.2
800,1.703830,0.565315,-3.484755,1.620539,100.0000,78.7889,1.0e-04,11.5
801,1.706491,0.567063,-3.483565,,,,1.0e-04,11.2
802,1.703075,0.565932,-3.484677,,,,1.0e-04,11.3
803,1.704041,0.565839,-3.482456,,,,1.0e-04,11.2
804,1.705118,0.567105,-3.482212,,,,1.0e-04,11.2
805,1.705372,0.567020,-3.483714,,,,1.0e-04,11.3
806,1.704531,0.569510,-3.485624,,,,9.9e-05,11.2
807,1.704819,0.567595,-3.485858,,,,9.8e-05,11.3
808,1.706110,0.568096,-3.485931,,,,9.7e-05,11.2
809,1.704263,0.567788,-3.486101,,,,9.6e-05,11.2
810,1.704479,0.568344,-3.486138,1.648476,100.0000,77.9971,9.6e-05,11.6
811,1.705965,0.568531,-3.484539,,,,9.5e-05,11.2
812,1.703781,0.569642,-3.485640,,,,9.4e-05,11.5
813,1.704362,0.569800,-3.487631,,,,9.3e-05,11.3
814,1.703438,0.569220,-3.486296,,,,9.2e-05,11.4
815,1.703737,0.569312,-3.487618,,,,9.1e-05,11.3
816,1.703707,0.568191,-3.486028,,,,9.0e-05,11.2
817,1.704761,0.567760,-3.487447,,,,9.0e-05,11.4
818,1.702964,0.567541,-3.485303,,,,8.9e-05,11.2
819,1.703024,0.569235,-3.486688,,,,8.8e-05,11.4
820,1.704662,0.568393,-3.485148,1.634117,100.0000,78.2434,8.7e-05,11.4
821,1.703282,0.569012,-3.485988,,,,8.6e-05,11.2
822,1.702479,0.569361,-3.484970,,,,8.5e-05,11.4
823,1.703336,0.569269,-3.486208,,,,8.5e-05,11.2
824,1.701620,0.569360,-3.487401,,,,8.4e-05,11.4
825,1.701651,0.569699,-3.486226,,,,8.3e-05,11.2
826,1.704277,0.568404,-3.486306,,,,8.2e-05,11.2
827,1.703634,0.569030,-3.487568,,,,8.1e-05,11.4
828,1.702345,0.568448,-3.485821,,,,8.1e-05,11.2
829,1.702156,0.569255,-3.486173,,,,8.0e-05,11.4
830,1.702711,0.568212,-3.486431,1.667624,100.0000,78.4630,7.9e-05,11.4
831,1.703717,0.569540,-3.485667,,,,7.8e-05,11.2
832,1.702648,0.570031,-3.486565,,,,7.7e-05,11.4
833,1.702629,0.568050,-3.486390,,,,7.7e-05,11.2
834,1.700630,0.568513,-3.486445,,,,7.6e-05,11.4
835,1.700414,0.568648,-3.486425,,,,7.5e-05,11.2
836,1.700411,0.568089,-3.486386,,,,7.4e-05,11.2
837,1.699938,0.569822,-3.486571,,,,7.3e-05,11.4
838,1.698875,0.568162,-3.485739,,,,7.3e-05,11.2
839,1.701048,0.568585,-3.486280,,,,7.2e-05,11.4
840,1.699951,0.568555,-3.486921,1.616787,100.0000,80.6884,7.1e-05,11.4
841,1.699646,0.568273,-3.486971,,,,7.0e-05,11.4
842,1.700788,0.569373,-3.487065,,,,7.0e-05,11.2
843,1.699592,0.569441,-3.487092,,,,6.9e-05,11.2
844,1.700582,0.569236,-3.486401,,,,6.8e-05,11.4
845,1.698909,0.569368,-3.487882,,,,6.8e-05,11.2
846,1.700707,0.569286,-3.486476,,,,6.7e-05,11.4
847,1.698058,0.569396,-3.486781,,,,6.6e-05,11.2
848,1.697887,0.569431,-3.486734,,,,6.5e-05,11.2
849,1.698272,0.568546,-3.486538,,,,6.5e-05,11.4
850,1.700698,0.569546,-3.486806,1.636653,100.0000,78.0556,6.4e-05,11.4
851,1.698792,0.569615,-3.487976,,,,6.3e-05,11.4
852,1.699488,0.568608,-3.486773,,,,6.3e-05,11.2
853,1.698779,0.568789,-3.488559,,,,6.2e-05,11.2
854,1.697598,0.569210,-3.489051,,,,6.1e-05,11.4
855,1.696907,0.568930,-3.488428,,,,6.0e-05,11.2
856,1.697748,0.568727,-3.488143,,,,6.0e-05,11.5
857,1.697524,0.568827,-3.488043,,,,5.9e-05,11.2
858,1.697621,0.569122,-3.487918,,,,5.8e-05,11.3
859,1.697499,0.569510,-3.487183,,,,5.8e-05,11.5
860,1.697689,0.568243,-3.488063,1.630969,100.0000,79.4858,5.7e-05,11.4
861,1.697485,0.569367,-3.487306,,,,5.6e-05,11.5
862,1.696607,0.569620,-3.487034,,,,5.6e-05,11.2
863,1.698226,0.571198,-3.486336,,,,5.5e-05,11.4
864,1.697671,0.569171,-3.485740,,,,5.4e-05,11.2
865,1.695975,0.568925,-3.484771,,,,5.4e-05,11.2
866,1.698737,0.568958,-3.485422,,,,5.3e-05,11.4
867,1.696633,0.569063,-3.486588,,,,5.3e-05,11.2
868,1.697134,0.569565,-3.486588,,,,5.2e-05,11.4
869,1.695795,0.568520,-3.486746,,,,5.1e-05,11.2
870,1.695159,0.568775,-3.487741,1.614222,100.0000,75.5143,5.1e-05,11.4
871,1.695658,0.569182,-3.486991,,,,5.0e-05,11.4
872,1.695870,0.568261,-3.486553,,,,4.9e-05,11.2
873,1.694830,0.568979,-3.485593,,,,4.9e-05,11.4
874,1.695812,0.568020,-3.487011,,,,4.8e-05,11.2
875,1.695830,0.568018,-3.487046,,,,4.8e-05,11.2
876,1.694545,0.570087,-3.487589,,,,4.7e-05,11.5
877,1.694102,0.569551,-3.486353,,,,4.6e-05,11.2
878,1.694404,0.568589,-3.486809,,,,4.6e-05,11.4
879,1.693420,0.569384,-3.487812,,,,4.5e-05,11.2
880,1.694933,0.567974,-3.485970,1.606814,100.0000,77.7126,4.5e-05,11.6
881,1.695343,0.569459,-3.486800,,,,4.4e-05,11.3
882,1.695252,0.568318,-3.486802,,,,4.4e-05,11.2
883,1.694387,0.567805,-3.487736,,,,4.3e-05,11.4
884,1.695858,0.568771,-3.485794,,,,4.3e-05,11.2
885,1.695487,0.568925,-3.485918,,,,4.2e-05,11.4
886,1.694132,0.569276,-3.486843,,,,4.1e-05,11.2
887,1.692618,0.569152,-3.487483,,,,4.1e-05,11.2
888,1.693776,0.568934,-3.487692,,,,4.0e-05,11.3
889,1.693535,0.569770,-3.488321,,,,4.0e-05,11.2
890,1.693402,0.569202,-3.487102,1.604322,100.0000,77.3763,3.9e-05,11.6
891,1.695018,0.569239,-3.487838,,,,3.9e-05,11.2
892,1.693958,0.567973,-3.487492,,,,3.8e-05,11.4
893,1.695497,0.569173,-3.486686,,,,3.8e-05,11.2
894,1.693245,0.570145,-3.487327,,,,3.7e-05,11.2
895,1.693659,0.569528,-3.487683,,,,3.7e-05,11.4
896,1.693302,0.569264,-3.487363,,,,3.6e-05,11.2
897,1.694712,0.569726,-3.487489,,,,3.6e-05,11.2
898,1.692253,0.569824,-3.488087,,,,3.5e-05,11.4
899,1.693875,0.568814,-3.487466,,,,3.5e-05,11.2
900,1.693317,0.569489,-3.488811,1.601637,100.0000,78.1672,3.4e-05,11.6
901,1.693609,0.570195,-3.489619,,,,3.4e-05,11.2
902,1.693012,0.571003,-3.489953,,,,3.3e-05,11.4
903,1.693599,0.569835,-3.489973,,,,3.3e-05,11.2
904,1.692592,0.569222,-3.489842,,,,3.2e-05,11.2
905,1.693864,0.568569,-3.489584,,,,3.2e-05,11.3
906,1.692924,0.570052,-3.489431,,,,3.1e-05,11.2
907,1.693368,0.569752,-3.489974,,,,3.1e-05,11.4
908,1.693649,0.570930,-3.489332,,,,3.1e-05,11.2
909,1.693267,0.570478,-3.489735,,,,3.0e-05,11.2
910,1.691875,0.570557,-3.489532,1.599953,100.0000,79.6952,3.0e-05,11.6
911,1.693226,0.569897,-3.489831,,,,2.9e-05,11.2
912,1.692590,0.569909,-3.489049,,,,2.9e-05,11.5
913,1.692583,0.570105,-3.489356,,,,2.8e-05,11.2
914,1.693672,0.570032,-3.488594,,,,2.8e-05,11.2
915,1.692131,0.569727,-3.488700,,,,2.8e-05,11.5
916,1.693861,0.570284,-3.489186,,,,2.7e-05,11.2
917,1.692736,0.570874,-3.489223,,,,2.7e-05,11.4
918,1.693202,0.571163,-3.489333,,,,2.6e-05,11.2
919,1.691582,0.570212,-3.488362,,,,2.6e-05,11.2
920,1.692315,0.569707,-3.488306,1.595000,100.0000,78.8863,2.6e-05,11.6
921,1.692002,0.570511,-3.489106,,,,2.5e-05,11.2
922,1.691519,0.570852,-3.488641,,,,2.5e-05,11.4
923,1.690992,0.570090,-3.488862,,,,2.4e-05,11.3
924,1.693282,0.571014,-3.489375,,,,2.4e-05,11.5
925,1.692081,0.570274,-3.488587,,,,2.4e-05,11.2
926,1.692226,0.570525,-3.489987,,,,2.3e-05,11.3
927,1.691854,0.571042,-3.488796,,,,2.3e-05,11.4
928,1.691156,0.569322,-3.489026,,,,2.3e-05,11.2
929,1.690815,0.570416,-3.489429,,,,2.2e-05,11.4
930,1.690702,0.569927,-3.488525,1.601073,100.0000,78.7897,2.2e-05,11.4
931,1.692170,0.570627,-3.489661,,,,2.2e-05,11.2
932,1.690534,0.571352,-3.489900,,,,2.1e-05,11.4
933,1.690425,0.570868,-3.490188,,,,2.1e-05,11.2
934,1.690476,0.570441,-3.488673,,,,2.1e-05,11.4
935,1.691185,0.570953,-3.488664,,,,2.0e-05,11.2
936,1.691084,0.571075,-3.489474,,,,2.0e-05,11.5
937,1.690450,0.570216,-3.489400,,,,2.0e-05,11.2
938,1.690460,0.570425,-3.488618,,,,1.9e-05,11.2
939,1.689366,0.569859,-3.489378,,,,1.9e-05,11.4
940,1.691870,0.569735,-3.488632,1.597889,100.0000,78.0729,1.9e-05,11.4
941,1.688731,0.569013,-3.489416,,,,1.8e-05,11.4
942,1.689887,0.569486,-3.489247,,,,1.8e-05,11.2
943,1.690087,0.569815,-3.488872,,,,1.8e-05,11.2
944,1.689676,0.570632,-3.488862,,,,1.8e-05,11.3
945,1.690129,0.570067,-3.488968,,,,1.7e-05,11.1
946,1.690835,0.569627,-3.489406,,,,1.7e-05,11.3
947,1.690464,0.569433,-3.488767,,,,1.7e-05,11.2
948,1.690147,0.569896,-3.488088,,,,1.7e-05,11.2
949,1.689079,0.569583,-3.488737,,,,1.6e-05,11.5
950,1.689468,0.569997,-3.489327,1.603491,100.0000,78.6586,1.6e-05,11.4
951,1.690790,0.569695,-3.488416,,,,1.6e-05,11.5
952,1.688882,0.569557,-3.489540,,,,1.6e-05,11.2
953,1.688965,0.570127,-3.488838,,,,1.5e-05,11.2
954,1.688306,0.570056,-3.489339,,,,1.5e-05,11.4
955,1.689175,0.569604,-3.490047,,,,1.5e-05,11.2
956,1.689424,0.569148,-3.488198,,,,1.5e-05,11.4
957,1.689113,0.569814,-3.489464,,,,1.5e-05,11.2
958,1.690172,0.568949,-3.489747,,,,1.4e-05,11.6
959,1.688513,0.568795,-3.489627,,,,1.4e-05,11.4
960,1.688718,0.569348,-3.490033,1.602040,100.0000,78.2971,1.4e-05,11.4
961,1.688730,0.569574,-3.489570,,,,1.4e-05,11.4
962,1.689374,0.569258,-3.488672,,,,1.4e-05,11.2
963,1.690033,0.569643,-3.488616,,,,1.3e-05,11.4
964,1.689776,0.569609,-3.489489,,,,1.3e-05,11.2
965,1.687796,0.569623,-3.489122,,,,1.3e-05,11.2
966,1.689879,0.569258,-3.488284,,,,1.3e-05,11.4
967,1.688677,0.570203,-3.488887,,,,1.3e-05,11.2
968,1.688361,0.569810,-3.489550,,,,1.2e-05,11.4
969,1.687786,0.569527,-3.489595,,,,1.2e-05,11.2
970,1.688799,0.569905,-3.489465,1.599418,100.0000,77.8472,1.2e-05,11.4
971,1.688796,0.569848,-3.489451,,,,1.2e-05,11.4
972,1.688530,0.569814,-3.489390,,,,1.2e-05,11.2
973,1.689274,0.569477,-3.489473,,,,1.2e-05,11.4
974,1.689281,0.570246,-3.489249,,,,1.2e-05,11.2
975,1.687833,0.569809,-3.488911,,,,1.2e-05,11.4
976,1.688110,0.569065,-3.488938,,,,1.1e-05,11.2
977,1.689919,0.569998,-3.489625,,,,1.1e-05,11.2
978,1.690135,0.570021,-3.488966,,,,1.1e-05,11.4
979,1.689218,0.570155,-3.489593,,,,1.1e-05,11.2
980,1.688022,0.569453,-3.489113,1.602129,100.0000,78.2359,1.1e-05,11.6
981,1.688150,0.569856,-3.488388,,,,1.1e-05,11.2
982,1.687620,0.569357,-3.488967,,,,1.1e-05,11.2
983,1.687590,0.569656,-3.489258,,,,1.1e-05,11.4
984,1.688045,0.569541,-3.489445,,,,1.1e-05,11.2
985,1.688497,0.569749,-3.489496,,,,1.1e-05,11.5
986,1.687956,0.569602,-3.488742,,,,1.0e-05,11.2
987,1.688261,0.569016,-3.488389,,,,1.0e-05,11.4
988,1.686920,0.569083,-3.488243,,,,1.0e-05,11.2
989,1.688948,0.569567,-3.488626,,,,1.0e-05,11.2
990,1.688240,0.569775,-3.489023,1.601768,100.0000,76.6932,1.0e-05,11.6
991,1.688081,0.569471,-3.489472,,,,1.0e-05,11.2
992,1.689178,0.569103,-3.488855,,,,1.0e-05,11.4
993,1.687582,0.568397,-3.488263,,,,1.0e-05,11.2
994,1.689038,0.569531,-3.489153,,,,1.0e-05,11.2
995,1.688338,0.569122,-3.489522,,,,1.0e-05,11.4
996,1.689213,0.568699,-3.489387,,,,1.0e-05,11.2
997,1.688359,0.569231,-3.489762,,,,1.0e-05,11.4
998,1.688211,0.568871,-3.489162,,,,1.0e-05,11.3
999,1.687280,0.568536,-3.490137,,,,1.0e-05,11.2
1000,1.687101,0.567907,-3.489056,1.613207,100.0000,76.8706,1.0e-05,11.6
