iteration,mean_survival,mean_return,loss,mean_value,entropy,lr,eval_survival,jump_ratio,time_s
0,,,,,,1.0e-04,16.66,0.34,0.0
1,18.59,13.4917,18.2256,1.4460,0.4021,1.0e-04,,,23.7
2,17.80,12.7336,10.7542,4.8779,0.5755,1.0e-04,,,23.4
3,18.33,13.2860,9.1975,8.1572,0.5934,1.0e-04,,,23.4
4,18.21,13.4569,10.3072,10.0480,0.5075,1.0e-04,,,23.4
5,17.80,13.0892,10.7351,10.5986,0.4051,1.0e-04,,,23.4
6,17.44,12.6904,10.5770,10.6126,0.3114,1.0e-04,,,23.4
7,17.81,12.9589,10.6128,10.5961,0.2900,1.0e-04,,,23.4
8,17.36,12.6837,10.7199,10.6699,0.2689,1.0e-04,,,23.4
9,17.27,12.7272,10.5834,10.7349,0.2268,1.0e-04,,,23.3
10,17.05,12.5696,10.3542,10.5904,0.2186,1.0e-04,15.15,0.14,23.4
11,17.19,12.6857,10.2859,10.5875,0.2251,1.0e-04,,,23.4
12,17.34,12.8571,10.2947,10.6168,0.2138,1.0e-04,,,23.4
13,16.99,12.6564,10.3201,10.6106,0.2113,1.0e-04,,,23.4
14,17.35,12.9658,10.0013,10.5752,0.2185,1.0e-04,,,23.3
15,17.46,13.0056,10.1474,10.4751,0.2349,1.0e-04,,,23.4
16,17.67,13.2301,10.1670,10.6430,0.2152,1.0e-04,,,23.3
17,17.64,13.1925,10.4084,10.6900,0.2339,1.0e-04,,,23.3
18,17.08,12.7832,10.0697,10.7072,0.2111,1.0e-04,,,23.3
19,17.45,13.0972,10.2722,10.6936,0.2177,1.0e-04,,,23.3
20,17.52,13.1095,10.3275,10.8210,0.2246,1.0e-04,15.29,0.11,23.4
21,17.56,13.0929,10.0950,10.6081,0.2507,1.0e-04,,,23.4
22,17.41,13.0188,9.9971,10.6282,0.2425,1.0e-04,,,23.3
23,17.54,13.1780,9.7838,10.5691,0.2279,1.0e-04,,,23.3
24,17.53,13.1462,10.3115,10.8145,0.2324,1.0e-04,,,23.3
25,17.23,12.8979,10.0132,10.8176,0.2263,1.0e-04,,,23.3
26,17.61,13.2280,10.2492,10.7709,0.2402,1.0e-04,,,23.3
27,17.87,13.4601,10.1085,10.6260,0.2509,1.0e-04,,,23.3
28,18.06,13.5597,10.3849,10.7972,0.2685,1.0e-04,,,23.3
29,17.74,13.3949,9.6996,10.5493,0.2269,1.0e-04,,,23.3
30,17.54,13.2530,10.0851,10.9180,0.2157,1.0e-04,15.27,0.07,23.3
31,17.60,13.2506,9.9874,10.6955,0.2319,1.0e-04,,,23.3
32,17.93,13.5216,9.8374,10.7121,0.2441,1.0e-04,,,23.3
33,17.72,13.3397,9.9784,10.6755,0.2500,1.0e-04,,,23.3
34,18.06,13.6447,10.0556,10.7792,0.2564,1.0e-04,,,23.4
35,18.38,13.8760,10.4096,10.8861,0.2722,1.0e-04,,,23.4
36,18.57,14.0394,10.2937,10.8273,0.2832,1.0e-04,,,23.3
37,18.50,13.9413,10.2905,10.8246,0.2866,1.0e-04,,,23.4
38,18.59,14.0732,10.2743,10.8225,0.2821,1.0e-04,,,23.3
39,18.15,13.6966,10.0975,10.7421,0.2716,1.0e-04,,,23.3
40,18.19,13.7181,10.2625,10.8131,0.2595,1.0e-04,15.59,0.10,23.3
41,18.27,13.8070,10.4329,11.0025,0.2638,1.0e-04,,,23.4
42,18.50,13.9779,10.8653,11.1155,0.2694,1.0e-04,,,23.3
43,18.26,13.7358,10.4008,11.0540,0.2826,1.0e-04,,,23.3
44,18.75,14.2063,10.1674,10.8092,0.2839,1.0e-04,,,23.4
45,18.35,13.8444,10.0572,10.7858,0.2819,1.0e-04,,,23.3
46,18.59,14.0466,9.7790,10.6075,0.2923,1.0e-04,,,23.4
47,18.46,13.9834,9.7678,10.6286,0.2714,1.0e-04,,,23.3
48,17.83,13.5390,9.6595,10.7253,0.2387,1.0e-04,,,23.3
49,18.04,13.6802,9.6269,10.6830,0.2449,1.0e-04,,,23.4
50,18.32,13.8513,9.8178,10.7243,0.2678,1.0e-04,16.00,0.11,23.4
51,18.22,13.7397,9.9004,10.7833,0.2648,1.0e-04,,,23.4
52,18.48,14.0161,9.7947,10.7752,0.2739,1.0e-04,,,23.3
53,18.20,13.7229,9.8569,10.7427,0.2841,1.0e-04,,,23.4
54,18.50,14.0146,9.8224,10.6419,0.2778,1.0e-04,,,23.4
55,18.59,14.1133,9.3850,10.5702,0.2767,1.0e-04,,,23.3
56,18.50,14.0203,9.6337,10.6755,0.2836,1.0e-04,,,23.4
57,18.50,14.0264,10.2453,10.9474,0.2820,1.0e-04,,,23.3
58,18.70,14.2536,9.8247,10.7666,0.2637,1.0e-04,,,23.3
59,18.58,14.1486,10.1394,10.9228,0.2706,1.0e-04,,,23.3
60,18.18,13.8035,10.0587,10.9657,0.2558,1.0e-04,16.41,0.10,23.3
61,18.41,13.9882,9.8770,10.8794,0.2832,1.0e-04,,,23.3
62,18.54,14.0806,9.8081,10.7852,0.2900,1.0e-04,,,23.3
63,18.53,14.0945,10.0573,10.9514,0.2790,1.0e-04,,,23.3
64,18.60,14.1480,9.9777,10.8295,0.2843,1.0e-04,,,23.4
65,18.55,14.1332,9.5725,10.7609,0.2711,1.0e-04,,,23.3
66,18.53,14.0907,9.9636,10.7873,0.2752,1.0e-04,,,23.4
67,18.46,14.0164,9.8109,10.8101,0.2754,1.0e-04,,,23.3
68,18.83,14.3483,9.5400,10.5887,0.2886,1.0e-04,,,23.3
69,18.79,14.3000,9.4313,10.5883,0.2870,1.0e-04,,,23.3
70,18.84,14.3286,9.5999,10.6105,0.2888,1.0e-04,17.10,0.12,23.4
71,18.65,14.1711,9.4342,10.6038,0.2859,1.0e-04,,,23.3
72,18.89,14.4039,9.4010,10.5215,0.2835,1.0e-04,,,23.4
73,18.82,14.3215,9.6332,10.6963,0.2891,1.0e-04,,,23.3
74,18.87,14.4041,9.5770,10.6605,0.2948,1.0e-04,,,23.4
75,18.76,14.2641,9.6681,10.7569,0.2991,1.0e-04,,,23.3
76,19.01,14.5001,9.8678,10.8245,0.2968,1.0e-04,,,23.3
77,18.47,14.1020,9.6981,10.8040,0.2660,1.0e-04,,,23.4
78,18.38,14.0312,9.2832,10.5245,0.2573,1.0e-04,,,23.4
79,18.70,14.3036,9.6751,10.6572,0.2729,1.0e-04,,,23.4
80,18.80,14.3292,9.6457,10.7692,0.2868,1.0e-04,17.53,0.13,23.3
81,18.83,14.3383,9.6570,10.7089,0.2927,1.0e-04,,,23.3
82,18.95,14.4785,9.4280,10.6138,0.2886,1.0e-04,,,23.4
83,19.00,14.5046,10.3350,11.1048,0.2885,1.0e-04,,,23.4
84,19.14,14.6199,9.6052,10.6913,0.3003,1.0e-04,,,23.4
85,18.96,14.3998,9.6284,10.6715,0.3127,1.0e-04,,,23.4
86,19.14,14.5375,9.6997,10.7075,0.3177,1.0e-04,,,23.3
87,19.13,14.5019,9.7575,10.7959,0.3251,1.0e-04,,,23.4
88,19.11,14.4599,9.7535,10.7493,0.3267,1.0e-04,,,23.3
89,19.51,14.7570,10.0988,10.8440,0.3397,1.0e-04,,,23.4
90,19.35,14.5740,9.6394,10.6698,0.3479,1.0e-04,19.27,0.23,23.4
91,19.35,14.5748,10.1290,10.9561,0.3476,1.0e-04,,,23.4
92,19.45,14.7003,9.9213,10.8371,0.3409,1.0e-04,,,23.3
93,19.40,14.6041,9.9468,10.7718,0.3411,1.0e-04,,,23.4
94,19.25,14.4426,9.3968,10.4845,0.3556,1.0e-04,,,23.4
95,19.27,14.5291,9.4060,10.4974,0.3395,1.0e-04,,,23.4
96,19.34,14.5736,9.3408,10.4982,0.3485,1.0e-04,,,23.4
97,19.35,14.5518,9.1845,10.4643,0.3537,1.0e-04,,,23.4
98,19.46,14.7393,9.8227,10.7943,0.3388,1.0e-04,,,23.4
99,19.49,14.7866,10.0983,10.8833,0.3359,1.0e-04,,,23.4
100,19.27,14.5748,9.4546,10.6517,0.3335,1.0e-04,19.17,0.21,23.4
101,19.33,14.6140,9.3412,10.5717,0.3332,1.0e-04,,,23.4
102,19.35,14.7068,9.1158,10.4770,0.3164,1.0e-04,,,23.4
103,19.56,14.9219,9.6024,10.5819,0.3114,1.0e-04,,,23.4
104,19.21,14.6469,9.9028,10.9372,0.3026,1.0e-04,,,23.3
105,19.50,14.9048,9.4201,10.6097,0.3027,1.0e-04,,,23.4
106,19.14,14.5715,9.3936,10.7043,0.2891,1.0e-04,,,23.4
107,19.21,14.5962,9.2219,10.6365,0.2945,1.0e-04,,,23.3
108,19.46,14.8473,9.7515,10.8639,0.2936,1.0e-04,,,23.4
109,19.22,14.6694,9.7239,10.8796,0.2770,1.0e-04,,,23.4
110,19.20,14.6344,9.7172,10.9138,0.2875,1.0e-04,18.50,0.17,23.4
111,19.24,14.6552,9.8366,10.9334,0.2892,1.0e-04,,,23.4
112,19.36,14.7718,9.7446,10.8764,0.2858,1.0e-04,,,23.4
113,19.59,15.0166,10.0106,10.9803,0.2809,1.0e-04,,,23.4
114,19.43,14.8580,9.6364,10.8084,0.2866,1.0e-04,,,23.4
115,19.29,14.7293,9.6962,10.9728,0.2675,1.0e-04,,,23.3
116,19.33,14.7677,10.0850,11.1690,0.2720,1.0e-04,,,23.4
117,19.07,14.5195,10.1292,11.1225,0.2606,1.0e-04,,,23.4
118,19.07,14.5540,9.8062,10.9923,0.2642,1.0e-04,,,23.4
119,19.31,14.8001,9.4824,10.8784,0.2592,1.0e-04,,,23.3
120,19.22,14.7298,9.4690,10.7719,0.2645,1.0e-04,18.42,0.16,23.4
121,19.36,14.8206,9.3540,10.7358,0.2635,1.0e-04,,,23.4
122,19.22,14.7055,9.6128,10.9016,0.2564,1.0e-04,,,23.4
123,19.26,14.7282,9.7814,11.0195,0.2568,1.0e-04,,,23.3
124,19.08,14.5639,9.7986,10.9784,0.2550,1.0e-04,,,23.3
125,19.39,14.8624,10.0836,11.1334,0.2558,1.0e-04,,,23.3
126,19.54,14.9723,10.0906,11.0441,0.2635,1.0e-04,,,23.4
127,19.27,14.7391,10.2854,11.2616,0.2626,1.0e-04,,,23.4
128,19.30,14.7527,9.8439,11.0851,0.2603,1.0e-04,,,23.3
129,19.06,14.5126,9.5274,10.9337,0.2624,1.0e-04,,,23.3
130,19.28,14.7309,9.1533,10.6393,0.2684,1.0e-04,18.88,0.18,23.3
131,19.36,14.7826,9.1873,10.5981,0.2733,1.0e-04,,,23.3
132,19.56,14.9665,9.0908,10.5739,0.2686,1.0e-04,,,23.3
133,19.43,14.8420,9.4806,10.8338,0.2748,1.0e-04,,,23.4
134,19.34,14.7686,9.8438,11.0609,0.2686,1.0e-04,,,23.4
135,19.51,14.9018,9.4508,10.6546,0.2767,1.0e-04,,,23.4
136,19.48,14.9255,9.9024,11.1074,0.2593,1.0e-04,,,23.4
137,19.18,14.6446,9.6260,10.9272,0.2585,1.0e-04,,,23.3
138,19.37,14.8354,9.3272,10.7339,0.2545,1.0e-04,,,23.4
139,19.26,14.7226,9.3287,10.8431,0.2505,1.0e-04,,,23.4
140,19.28,14.7717,9.6639,10.9698,0.2448,1.0e-04,18.46,0.16,23.4
141,19.23,14.7125,9.2087,10.7034,0.2468,1.0e-04,,,23.4
142,19.30,14.7703,9.6640,10.8976,0.2530,1.0e-04,,,23.4
143,19.43,14.8416,9.0542,10.6687,0.2485,1.0e-04,,,23.4
144,19.39,14.8477,9.5545,10.8053,0.2509,1.0e-04,,,23.4
145,19.46,14.9019,8.9722,10.5044,0.2466,1.0e-04,,,23.3
146,19.31,14.7533,9.3161,10.7136,0.2487,1.0e-04,,,23.4
147,19.27,14.6869,8.9796,10.5076,0.2564,1.0e-04,,,23.3
148,19.59,14.9738,9.0048,10.6037,0.2532,1.0e-04,,,23.3
149,19.59,14.9563,8.9143,10.4972,0.2542,1.0e-04,,,23.4
150,19.52,14.8871,9.1850,10.5771,0.2591,1.0e-04,19.14,0.18,23.4
151,19.39,14.7929,9.7397,10.9291,0.2498,1.0e-04,,,23.4
152,19.64,14.9782,9.6790,10.9323,0.2532,1.0e-04,,,23.4
153,19.46,14.8198,9.7988,11.0304,0.2634,1.0e-04,,,23.4
154,19.60,14.9364,10.0337,11.2029,0.2674,1.0e-04,,,23.4
155,19.46,14.8030,10.2360,11.1264,0.2733,1.0e-04,,,23.4
156,19.66,14.9779,8.8516,10.5179,0.2721,1.0e-04,,,23.4
157,19.51,14.8787,9.0489,10.5410,0.2600,1.0e-04,,,23.4
158,19.55,14.8882,9.5483,10.7498,0.2779,1.0e-04,,,23.4
159,19.50,14.8820,8.9616,10.3693,0.2655,1.0e-04,,,23.4
160,19.59,14.9271,9.4492,10.7881,0.2711,1.0e-04,19.27,0.21,23.4
161,19.47,14.7948,9.8580,11.1404,0.2658,1.0e-04,,,23.4
162,19.68,15.0262,9.8767,11.0546,0.2679,1.0e-04,,,23.4
163,19.62,14.9327,9.3111,10.6673,0.2725,1.0e-04,,,23.4
164,19.69,15.0063,8.8950,10.3606,0.2845,1.0e-04,,,23.5
165,19.50,14.8216,8.5263,10.2093,0.2829,1.0e-04,,,23.4
166,19.47,14.8056,9.2181,10.4974,0.2793,1.0e-04,,,23.9
167,19.62,14.9496,9.9255,10.9512,0.2783,1.0e-04,,,23.4
168,19.53,14.8417,10.0277,11.2339,0.2798,1.0e-04,,,23.3
169,19.59,14.8825,9.6911,10.9288,0.2942,1.0e-04,,,23.3
170,19.62,14.8727,9.5915,10.9603,0.2888,1.0e-04,19.73,0.22,23.4
171,19.53,14.8196,9.7499,10.8926,0.2853,1.0e-04,,,23.3
172,19.64,14.8947,9.1830,10.6404,0.2900,1.0e-04,,,23.4
173,19.74,15.0404,9.0328,10.4123,0.3063,1.0e-04,,,23.3
174,19.53,14.8290,9.0023,10.4896,0.2984,1.0e-04,,,23.3
175,19.64,14.9527,8.7559,10.3879,0.2996,1.0e-04,,,23.4
176,19.39,14.7762,8.7270,10.4354,0.2818,1.0e-04,,,23.4
177,19.64,15.0123,8.8339,10.4759,0.2848,1.0e-04,,,23.4
178,19.45,14.8534,9.2143,10.6702,0.2803,1.0e-04,,,23.4
179,19.67,15.0395,9.6230,11.0688,0.2767,1.0e-04,,,23.4
180,19.55,14.9213,9.1919,10.8178,0.2771,1.0e-04,19.15,0.18,23.4
181,19.56,14.9753,8.9085,10.6182,0.2717,1.0e-04,,,23.3
182,19.58,14.9500,8.9571,10.5263,0.2730,1.0e-04,,,23.4
183,19.37,14.7565,8.9193,10.5716,0.2731,1.0e-04,,,23.4
184,19.58,15.0025,9.1033,10.7441,0.2667,1.0e-04,,,23.4
185,19.46,14.8419,9.4529,10.7796,0.2758,1.0e-04,,,23.3
186,19.54,14.9538,8.5581,10.3476,0.2676,1.0e-04,,,23.4
187,19.57,14.9958,8.5174,10.2878,0.2654,1.0e-04,,,23.4
188,19.47,14.9036,9.2403,10.7364,0.2709,1.0e-04,,,23.4
189,19.52,14.9517,9.0609,10.5775,0.2577,1.0e-04,,,23.4
190,19.21,14.6496,9.0219,10.6097,0.2675,1.0e-04,19.25,0.17,23.3
191,19.66,15.0682,9.6553,11.0127,0.2583,1.0e-04,,,23.3
192,19.39,14.8172,9.6810,11.0508,0.2594,1.0e-04,,,23.4
193,19.43,14.8884,9.2008,10.7913,0.2529,1.0e-04,,,23.4
194,19.64,15.0850,9.6073,10.9271,0.2515,1.0e-04,,,23.4
195,19.33,14.7981,8.8189,10.5365,0.2539,1.0e-04,,,23.4
196,19.40,14.8535,9.4581,10.9341,0.2494,1.0e-04,,,23.3
197,19.39,14.8962,9.4961,10.8426,0.2429,1.0e-04,,,23.4
198,19.45,14.9394,8.6310,10.4236,0.2593,1.0e-04,,,23.3
199,19.56,15.0453,9.4396,10.9379,0.2553,1.0e-04,,,23.4
200,19.50,14.9735,9.1680,10.6366,0.2609,1.0e-04,19.50,0.17,23.4
201,19.52,14.9750,9.2886,10.6116,0.2639,1.0e-04,,,23.3
202,19.53,14.9697,9.0519,10.7252,0.2626,1.0e-04,,,23.4
203,19.53,14.9632,9.3318,10.8200,0.2615,1.0e-04,,,23.3
204,19.46,14.9047,9.0506,10.8226,0.2550,1.0e-04,,,23.4
205,19.69,15.1284,8.9669,10.6083,0.2632,1.0e-04,,,23.4
206,19.58,15.0507,9.2887,10.8076,0.2543,1.0e-04,,,23.4
207,19.44,14.9328,9.4031,10.9865,0.2485,1.0e-04,,,23.4
208,19.46,14.9379,9.0228,10.6991,0.2544,1.0e-04,,,23.4
209,19.43,14.9193,8.6616,10.5207,0.2511,1.0e-04,,,23.4
210,19.63,15.0922,9.4773,10.9582,0.2465,1.0e-04,19.07,0.16,23.4
211,19.60,15.0619,9.3070,10.7867,0.2554,1.0e-04,,,23.4
212,19.50,14.9869,9.4743,10.9937,0.2464,1.0e-04,,,23.4
213,19.48,14.9768,8.4884,10.4176,0.2564,1.0e-04,,,23.4
214,19.42,14.9239,8.3511,10.2749,0.2503,1.0e-04,,,23.4
215,19.33,14.8254,8.6538,10.4285,0.2558,1.0e-04,,,23.4
216,19.49,14.9813,8.9237,10.6877,0.2506,1.0e-04,,,23.4
217,19.40,14.9253,9.9438,11.3342,0.2536,1.0e-04,,,23.4
218,19.41,14.8933,9.3101,10.7710,0.2521,1.0e-04,,,23.3
219,19.25,14.7639,9.2932,10.7435,0.2453,1.0e-04,,,23.3
220,19.57,15.0567,8.5021,10.2785,0.2472,1.0e-04,19.02,0.14,23.3
221,19.43,14.9529,8.7282,10.5220,0.2436,1.0e-04,,,23.4
222,19.45,14.9826,8.7211,10.5536,0.2287,1.0e-04,,,23.4
223,19.29,14.8253,8.7409,10.5727,0.2335,1.0e-04,,,23.4
224,19.33,14.8696,8.9721,10.7133,0.2342,1.0e-04,,,23.4
225,19.45,14.9844,8.9229,10.6972,0.2386,1.0e-04,,,23.4
226,19.39,14.9432,8.7307,10.4201,0.2403,1.0e-04,,,23.4
227,19.49,15.0037,8.6487,10.4172,0.2453,1.0e-04,,,23.4
228,19.34,14.8717,8.7546,10.6261,0.2405,1.0e-04,,,23.4
229,19.34,14.8679,8.5989,10.4882,0.2445,1.0e-04,,,23.4
230,19.40,14.8926,9.1560,10.8125,0.2428,1.0e-04,19.22,0.16,23.4
231,19.29,14.7675,8.7027,10.4698,0.2525,1.0e-04,,,23.3
232,19.36,14.8478,8.7903,10.5669,0.2535,1.0e-04,,,23.3
233,19.61,15.0346,9.0989,10.8135,0.2608,1.0e-04,,,23.4
234,19.71,15.1145,9.1771,10.7404,0.2597,1.0e-04,,,23.4
235,19.61,14.9990,8.8980,10.6314,0.2628,1.0e-04,,,23.4
236,19.69,15.1106,8.9492,10.6392,0.2580,1.0e-04,,,23.3
237,19.66,15.1098,8.9205,10.6124,0.2545,1.0e-04,,,23.4
238,19.54,14.9939,9.0243,10.6188,0.2594,1.0e-04,,,23.4
239,19.60,15.0665,9.7768,11.1331,0.2505,1.0e-04,,,23.4
240,19.52,14.9708,9.8807,11.2845,0.2467,1.0e-04,19.01,0.16,23.4
241,19.57,15.0333,9.2237,10.8726,0.2374,1.0e-04,,,23.4
242,19.83,15.3044,9.1606,10.8482,0.2363,1.0e-04,,,23.4
243,19.35,14.8596,9.3000,10.9896,0.2344,1.0e-04,,,23.3
244,19.18,14.7157,8.4695,10.4141,0.2307,1.0e-04,,,23.3
245,19.51,15.0031,9.1592,10.8581,0.2405,1.0e-04,,,23.4
246,19.41,14.9002,8.7222,10.5348,0.2383,1.0e-04,,,23.4
247,19.61,15.1007,8.8358,10.5300,0.2418,1.0e-04,,,23.4
248,19.33,14.8167,9.1274,10.8698,0.2496,1.0e-04,,,23.3
249,19.68,15.1239,8.9234,10.5831,0.2592,1.0e-04,,,23.4
250,19.66,15.1160,8.4606,10.3373,0.2538,1.0e-04,19.54,0.17,23.4
251,19.70,15.1493,8.4128,10.3293,0.2565,1.0e-04,,,23.4
252,19.55,15.0060,8.1889,10.2624,0.2536,1.0e-04,,,23.4
253,19.73,15.1702,8.4865,10.3734,0.2614,1.0e-04,,,23.4
254,19.48,14.9533,9.1505,10.8590,0.2495,1.0e-04,,,23.4
255,19.60,15.0263,8.8202,10.5191,0.2651,1.0e-04,,,23.4
256,19.63,15.0621,8.7394,10.5692,0.2608,1.0e-04,,,23.4
257,19.72,15.1485,8.4006,10.3282,0.2590,1.0e-04,,,23.4
258,19.52,14.9597,8.9934,10.8279,0.2553,1.0e-04,,,23.3
259,19.72,15.1275,8.6955,10.5481,0.2582,1.0e-04,,,23.4
260,19.60,15.0398,8.9689,10.7536,0.2559,1.0e-04,19.55,0.17,23.4
261,19.80,15.2608,8.7286,10.6198,0.2434,1.0e-04,,,23.4
262,19.56,15.0148,8.8405,10.6662,0.2534,1.0e-04,,,23.4
263,19.77,15.2374,8.7646,10.5136,0.2417,1.0e-04,,,23.4
264,19.49,14.9895,8.7447,10.5556,0.2410,1.0e-04,,,23.4
265,19.47,14.9637,9.3151,11.0114,0.2406,1.0e-04,,,23.4
266,19.48,14.9578,9.4266,11.0461,0.2432,1.0e-04,,,23.4
267,19.56,15.0447,9.9291,11.4365,0.2338,1.0e-04,,,23.4
268,19.52,15.0212,8.9768,10.9012,0.2347,1.0e-04,,,23.4
269,19.58,15.0959,8.7793,10.6559,0.2273,1.0e-04,,,23.4
270,19.38,14.8819,8.8221,10.6680,0.2320,1.0e-04,18.65,0.15,23.3
271,19.07,14.6167,9.0150,10.7684,0.2345,1.0e-04,,,23.4
272,19.39,14.8813,9.2182,10.8865,0.2351,1.0e-04,,,23.3
273,19.27,14.7928,8.7596,10.6030,0.2284,1.0e-04,,,23.3
274,19.47,14.9949,9.1802,10.8027,0.2293,1.0e-04,,,23.4
275,19.49,14.9835,9.1030,10.6774,0.2351,1.0e-04,,,23.4
276,19.11,14.6710,8.2293,10.3863,0.2217,1.0e-04,,,23.4
277,19.18,14.7237,8.7908,10.6858,0.2172,1.0e-04,,,23.3
278,18.99,14.5519,9.0766,10.9572,0.2146,1.0e-04,,,23.4
279,19.21,14.7514,8.9693,10.6831,0.2208,1.0e-04,,,23.3
280,19.40,14.9369,8.5078,10.4184,0.2207,1.0e-04,18.79,0.14,23.4
281,19.46,14.9781,8.9740,10.8432,0.2272,1.0e-04,,,23.3
282,19.44,14.9424,8.6405,10.5653,0.2281,1.0e-04,,,23.4
283,19.32,14.8356,8.5641,10.5455,0.2278,1.0e-04,,,23.3
281,19.38,14.9054,8.9847,10.8209,0.2325,1.0e-04,,,24.1
282,19.42,14.9443,8.4965,10.4833,0.2301,1.0e-04,,,23.4
283,19.41,14.9131,8.9310,10.9339,0.2321,1.0e-04,,,23.4
284,19.36,14.8729,8.7234,10.7063,0.2397,1.0e-04,,,23.4
285,19.42,14.9186,8.3965,10.3764,0.2421,1.0e-04,,,23.4
286,19.43,14.9272,9.1165,10.9394,0.2374,1.0e-04,,,23.4
287,19.67,15.1855,9.0672,10.8192,0.2321,1.0e-04,,,23.4
288,19.50,15.0194,9.1954,10.9399,0.2328,1.0e-04,,,23.4
289,19.35,14.9006,8.2077,10.2838,0.2287,1.0e-04,,,23.4
290,19.51,15.0665,8.8360,10.7654,0.2298,1.0e-04,18.91,0.14,23.4
291,19.49,15.0481,9.1569,10.8661,0.2278,1.0e-04,,,23.4
292,19.31,14.8668,9.3141,11.0330,0.2283,1.0e-04,,,23.4
293,19.53,15.0695,8.7496,10.7536,0.2312,1.0e-04,,,23.4
294,19.61,15.1361,9.5906,10.9924,0.2378,1.0e-04,,,23.4
295,19.51,15.0281,8.2296,10.3542,0.2394,1.0e-04,,,23.4
296,19.60,15.0875,9.0750,10.8814,0.2422,1.0e-04,,,23.4
297,19.38,14.8998,9.4185,11.1049,0.2273,1.0e-04,,,23.4
298,19.60,15.0806,8.0455,10.2613,0.2376,1.0e-04,,,23.4
299,19.52,15.0299,8.5005,10.4820,0.2377,1.0e-04,,,23.4
300,19.56,15.0500,8.8461,10.7288,0.2397,1.0e-04,19.20,0.15,23.4
301,19.49,14.9892,8.5862,10.6189,0.2347,1.0e-04,,,23.4
302,19.65,15.1232,8.9315,10.6701,0.2438,1.0e-04,,,23.4
303,19.45,14.9378,9.5242,10.9972,0.2353,1.0e-04,,,23.4
304,19.60,15.0648,8.9891,10.7277,0.2341,1.0e-04,,,23.4
305,19.70,15.1521,8.7445,10.6915,0.2380,1.0e-04,,,23.4
306,19.64,15.1096,8.9598,10.6442,0.2401,1.0e-04,,,23.4
307,19.52,14.9924,9.2255,10.9596,0.2402,1.0e-04,,,23.4
308,19.50,14.9787,9.4110,11.1105,0.2388,1.0e-04,,,23.4
309,19.53,15.0296,9.4031,11.0563,0.2354,1.0e-04,,,23.4
310,19.89,15.3520,9.2821,10.9132,0.2327,1.0e-04,19.17,0.16,23.4
311,19.59,15.0846,9.2289,10.8925,0.2279,1.0e-04,,,23.4
312,19.60,15.0828,10.0492,11.3518,0.2394,1.0e-04,,,23.4
313,19.57,15.0647,10.1162,11.4395,0.2345,1.0e-04,,,23.4
314,19.67,15.1366,8.5195,10.6767,0.2298,1.0e-04,,,23.4
315,19.67,15.1434,9.2785,10.9664,0.2343,1.0e-04,,,23.4
316,19.53,15.0047,8.3117,10.3383,0.2382,1.0e-04,,,23.4
317,19.57,15.0267,8.8598,10.8066,0.2416,1.0e-04,,,23.4
318,19.62,15.0788,8.2736,10.3732,0.2431,1.0e-04,,,23.4
319,19.49,14.9467,8.3972,10.4758,0.2434,1.0e-04,,,23.4
320,19.62,15.0517,9.0403,10.9739,0.2399,1.0e-04,19.52,0.17,23.4
321,19.49,14.9313,9.0697,10.8670,0.2452,1.0e-04,,,23.4
322,19.69,15.0941,8.9422,10.9556,0.2445,1.0e-04,,,23.4
323,19.79,15.2122,9.1624,11.0231,0.2420,1.0e-04,,,23.4
324,19.69,15.0963,8.9746,10.6576,0.2504,1.0e-04,,,23.4
325,19.88,15.2706,9.3174,10.9926,0.2524,1.0e-04,,,23.4
326,19.56,14.9690,9.1829,11.0040,0.2480,1.0e-04,,,23.4
327,19.66,15.0372,8.4855,10.5528,0.2616,1.0e-04,,,23.4
328,19.78,15.1697,9.0908,10.8225,0.2519,1.0e-04,,,23.4
329,19.66,15.0568,8.9695,10.8759,0.2579,1.0e-04,,,23.4
330,19.79,15.2093,9.1515,10.8740,0.2554,1.0e-04,19.75,0.17,23.4
331,19.59,15.0022,8.8808,10.8950,0.2542,1.0e-04,,,23.4
332,19.72,15.1301,8.8868,10.8894,0.2512,1.0e-04,,,23.4
333,19.69,15.1124,9.8697,11.3785,0.2490,1.0e-04,,,23.4
334,19.69,15.1122,9.4192,11.0963,0.2494,1.0e-04,,,23.4
335,19.69,15.0886,9.4326,11.1525,0.2546,1.0e-04,,,23.4
336,19.65,15.0798,8.9339,10.7966,0.2531,1.0e-04,,,23.4
337,19.80,15.2023,8.5334,10.4461,0.2607,1.0e-04,,,23.4
338,19.83,15.2471,8.5500,10.6532,0.2502,1.0e-04,,,23.4
339,19.66,15.0792,8.9689,10.7644,0.2524,1.0e-04,,,23.4
340,19.50,14.9353,9.2994,11.0698,0.2492,1.0e-04,19.54,0.17,23.4
341,19.66,15.0982,9.5465,11.2500,0.2490,1.0e-04,,,23.4
342,19.64,15.0786,9.5148,11.2013,0.2494,1.0e-04,,,23.4
343,19.75,15.1663,8.5372,10.6344,0.2520,1.0e-04,,,23.4
344,19.63,15.0505,8.5862,10.5883,0.2529,1.0e-04,,,23.4
345,19.81,15.1946,8.9492,10.8175,0.2611,1.0e-04,,,23.4
346,19.76,15.1273,9.3190,11.0531,0.2628,1.0e-04,,,23.4
347,19.63,15.0313,8.8874,10.8340,0.2575,1.0e-04,,,23.4
348,19.94,15.3324,8.4428,10.4733,0.2640,1.0e-04,,,23.4
349,19.68,15.0771,8.2446,10.4600,0.2669,1.0e-04,,,23.4
350,19.74,15.1487,8.4708,10.5451,0.2661,1.0e-04,19.78,0.17,23.4
351,19.71,15.1420,9.3851,11.0987,0.2499,1.0e-04,,,23.4
352,19.86,15.2602,9.0081,10.8158,0.2609,1.0e-04,,,23.4
353,19.78,15.1791,9.0034,10.9108,0.2606,1.0e-04,,,23.4
354,19.68,15.0967,8.5163,10.6171,0.2545,1.0e-04,,,23.4
355,19.66,15.0900,8.9925,10.8984,0.2523,1.0e-04,,,23.4
356,19.85,15.2658,9.0721,10.8870,0.2529,1.0e-04,,,23.4
357,19.39,14.8663,8.5485,10.6333,0.2467,1.0e-04,,,23.4
358,19.61,15.0516,9.4135,11.1009,0.2459,1.0e-04,,,23.4
359,19.51,14.9612,9.1853,11.0160,0.2439,1.0e-04,,,23.4
360,19.70,15.1231,8.5750,10.6123,0.2563,1.0e-04,19.72,0.17,23.4
361,19.65,15.0631,8.8249,10.7145,0.2559,1.0e-04,,,23.4
362,19.65,15.0819,8.5737,10.6204,0.2503,1.0e-04,,,23.4
363,19.71,15.1284,8.4450,10.5942,0.2521,1.0e-04,,,23.4
364,19.78,15.1874,8.2855,10.3373,0.2584,1.0e-04,,,23.4
365,19.52,14.9311,8.2723,10.5081,0.2588,1.0e-04,,,23.4
366,19.74,15.1405,9.0768,10.9167,0.2549,1.0e-04,,,23.4
367,19.69,15.1065,9.2932,11.1679,0.2556,1.0e-04,,,23.4
368,19.66,15.0696,8.4248,10.5652,0.2683,1.0e-04,,,23.4
369,19.57,15.0033,8.3955,10.5130,0.2562,1.0e-04,,,23.4
370,19.78,15.2000,9.5964,11.2954,0.2540,1.0e-04,19.78,0.17,23.4
371,19.73,15.1601,8.7069,10.6399,0.2606,1.0e-04,,,23.4
372,19.68,15.1194,8.1715,10.4089,0.2613,1.0e-04,,,23.4
373,19.62,15.0682,8.9478,10.8659,0.2522,1.0e-04,,,23.4
374,19.90,15.3457,8.8132,10.8940,0.2492,1.0e-04,,,23.4
375,19.77,15.2170,8.6739,10.5705,0.2540,1.0e-04,,,23.4
376,19.74,15.1879,8.6508,10.6889,0.2579,1.0e-04,,,23.4
377,19.55,14.9986,8.5061,10.5663,0.2544,1.0e-04,,,23.4
378,19.77,15.2044,8.0624,10.3631,0.2587,1.0e-04,,,23.4
379,19.58,15.0501,8.9069,10.7131,0.2503,1.0e-04,,,23.4
380,19.69,15.1609,8.4104,10.5936,0.2490,1.0e-04,19.68,0.16,23.4
381,19.80,15.2546,8.1067,10.2956,0.2550,1.0e-04,,,23.4
382,19.91,15.3493,8.0441,10.3764,0.2587,1.0e-04,,,23.4
383,19.58,15.0407,8.4064,10.5959,0.2487,1.0e-04,,,23.4
384,19.72,15.1703,8.3780,10.4953,0.2529,1.0e-04,,,23.4
385,19.78,15.2334,8.8343,10.8360,0.2436,1.0e-04,,,23.4
386,19.69,15.1255,8.8909,10.8491,0.2593,1.0e-04,,,23.4
387,19.62,15.0507,9.1841,10.9889,0.2561,1.0e-04,,,23.4
388,19.59,15.0466,9.3241,11.1027,0.2516,1.0e-04,,,23.4
389,19.56,15.0382,8.8555,10.8026,0.2540,1.0e-04,,,23.4
390,19.58,15.0536,9.0040,10.8647,0.2477,1.0e-04,19.42,0.16,23.4
391,19.61,15.0974,8.6376,10.6493,0.2425,1.0e-04,,,23.4
392,19.56,15.0600,9.0220,10.9785,0.2446,1.0e-04,,,23.4
393,19.48,14.9890,8.9460,10.7311,0.2508,1.0e-04,,,23.4
394,19.68,15.1674,8.8154,10.8330,0.2422,1.0e-04,,,23.4
395,19.49,15.0010,8.9650,10.7962,0.2378,1.0e-04,,,23.4
396,19.42,14.9558,9.3937,11.1647,0.2355,1.0e-04,,,23.4
397,19.65,15.1764,8.7653,10.8755,0.2367,1.0e-04,,,23.4
398,19.69,15.1968,8.3220,10.4857,0.2426,1.0e-04,,,23.4
399,19.59,15.0939,8.0723,10.2593,0.2424,1.0e-04,,,23.4
400,19.41,14.9000,8.5070,10.7167,0.2405,1.0e-04,19.56,0.15,23.4
401,19.52,15.0307,8.9521,10.8991,0.2375,1.0e-04,,,23.4
402,19.28,14.8104,8.5285,10.5990,0.2402,1.0e-04,,,23.4
403,19.59,15.1057,9.0922,10.9553,0.2374,1.0e-04,,,23.4
404,19.33,14.8599,8.6289,10.7353,0.2370,1.0e-04,,,23.4
405,19.44,14.9650,8.2667,10.4385,0.2404,1.0e-04,,,23.4
406,19.68,15.2030,8.0828,10.3565,0.2364,1.0e-04,,,23.4
407,19.35,14.8651,8.2236,10.5343,0.2361,1.0e-04,,,23.4
408,19.47,14.9909,8.3942,10.6193,0.2371,1.0e-04,,,23.4
409,19.43,14.9461,8.3761,10.5879,0.2439,1.0e-04,,,23.4
410,19.36,14.9081,8.0742,10.3847,0.2361,1.0e-04,19.15,0.13,23.4
411,19.25,14.8040,8.4324,10.7150,0.2271,1.0e-04,,,23.4
412,19.44,14.9782,8.1686,10.4666,0.2339,1.0e-04,,,23.4
413,19.40,14.9436,8.1836,10.4238,0.2396,1.0e-04,,,23.4
414,19.40,14.9576,8.8339,10.8723,0.2288,1.0e-04,,,23.4
415,19.41,14.9489,8.8941,10.9489,0.2368,1.0e-04,,,23.4
416,19.40,14.9444,8.2264,10.4336,0.2417,1.0e-04,,,23.4
417,19.57,15.0759,8.1975,10.4375,0.2306,1.0e-04,,,23.4
418,19.40,14.9399,8.0106,10.2547,0.2322,1.0e-04,,,23.4
419,19.45,15.0021,8.7480,10.7792,0.2324,1.0e-04,,,23.4
420,19.51,15.0600,9.1504,11.1158,0.2354,1.0e-04,19.25,0.14,23.4
421,19.54,15.0867,8.4589,10.6996,0.2340,1.0e-04,,,23.4
422,19.51,15.0529,8.3751,10.5568,0.2320,1.0e-04,,,23.4
423,19.59,15.1153,8.4453,10.6381,0.2367,1.0e-04,,,23.4
424,19.49,15.0216,7.9792,10.2890,0.2372,1.0e-04,,,23.5
425,19.72,15.2513,8.6537,10.8002,0.2311,1.0e-04,,,23.4
426,19.59,15.1135,8.0818,10.4475,0.2356,1.0e-04,,,23.4
427,19.50,15.0402,8.9294,10.8368,0.2402,1.0e-04,,,23.4
428,19.54,15.0772,8.1994,10.6109,0.2399,1.0e-04,,,23.4
429,19.59,15.1109,8.5028,10.5490,0.2439,1.0e-04,,,23.4
430,19.70,15.1999,8.7737,10.7934,0.2374,1.0e-04,19.51,0.14,23.4
431,19.70,15.2217,8.1656,10.4920,0.2323,1.0e-04,,,23.4
432,19.55,15.0870,8.2964,10.5788,0.2369,1.0e-04,,,23.4
433,19.55,15.0763,8.5782,10.6871,0.2397,1.0e-04,,,23.4
434,19.48,14.9901,8.7422,10.7853,0.2379,1.0e-04,,,23.4
435,19.59,15.1063,8.7600,10.9033,0.2357,1.0e-04,,,23.4
436,19.59,15.1151,8.8019,10.7773,0.2352,1.0e-04,,,23.4
437,19.61,15.1223,8.5191,10.7131,0.2374,1.0e-04,,,23.4
438,19.44,14.9833,8.1815,10.4554,0.2350,1.0e-04,,,23.4
439,19.33,14.8624,8.0041,10.4682,0.2402,1.0e-04,,,23.4
440,19.31,14.8285,8.3523,10.5055,0.2403,1.0e-04,19.62,0.13,23.4
441,19.26,14.8142,8.1538,10.3054,0.2406,1.0e-04,,,23.4
442,19.53,15.0640,8.7839,10.9328,0.2359,1.0e-04,,,23.4
443,19.53,15.0733,8.2062,10.5618,0.2360,1.0e-04,,,23.5
444,19.48,15.0365,8.8154,10.8367,0.2339,1.0e-04,,,23.5
445,19.69,15.2103,8.5847,10.6947,0.2344,1.0e-04,,,23.7
446,19.43,14.9514,9.1975,10.9435,0.2430,1.0e-04,,,23.5
447,19.62,15.1315,8.3633,10.5501,0.2403,1.0e-04,,,23.4
448,19.69,15.2038,8.7026,10.7415,0.2371,1.0e-04,,,23.4
449,19.46,14.9960,8.1449,10.3021,0.2433,1.0e-04,,,23.4
450,19.69,15.2100,7.8522,10.2092,0.2382,1.0e-04,19.55,0.14,23.4
451,19.68,15.2045,8.4461,10.7031,0.2332,1.0e-04,,,23.4
452,19.69,15.2204,8.7448,10.9053,0.2298,1.0e-04,,,23.4
453,19.53,15.0632,9.1758,11.1420,0.2371,1.0e-04,,,23.4
454,19.59,15.0854,8.0546,10.4856,0.2358,1.0e-04,,,23.4
455,19.60,15.1172,8.4618,10.6868,0.2346,1.0e-04,,,23.4
456,19.54,15.0569,8.4030,10.5466,0.2457,1.0e-04,,,23.4
457,19.84,15.3287,7.7135,9.9685,0.2516,1.0e-04,,,23.4
458,19.78,15.2621,8.7299,10.6162,0.2556,1.0e-04,,,23.4
459,19.54,15.0086,8.3065,10.6236,0.2613,1.0e-04,,,23.4
460,19.64,15.0946,7.8232,10.2499,0.2543,1.0e-04,19.65,0.15,23.4
461,19.59,15.0765,7.5663,10.0836,0.2518,1.0e-04,,,23.4
462,19.74,15.2154,7.9633,10.2728,0.2504,1.0e-04,,,23.4
463,19.73,15.2011,7.8745,10.3169,0.2507,1.0e-04,,,23.4
464,19.69,15.1805,8.1855,10.4107,0.2513,1.0e-04,,,23.4
465,19.61,15.0743,8.5562,10.8277,0.2503,1.0e-04,,,23.4
466,19.72,15.1979,8.5679,10.7148,0.2410,1.0e-04,,,23.4
467,19.66,15.1296,8.8174,10.8761,0.2468,1.0e-04,,,23.4
468,19.80,15.2470,8.4447,10.6399,0.2522,1.0e-04,,,23.4
469,19.75,15.2130,8.6000,10.7735,0.2465,1.0e-04,,,23.4
470,19.84,15.2881,8.7049,10.9195,0.2536,1.0e-04,19.57,0.15,23.4
471,19.72,15.2025,8.9034,10.9383,0.2448,1.0e-04,,,23.4
472,19.60,15.0897,7.9646,10.3758,0.2472,1.0e-04,,,23.4
473,19.72,15.2043,8.5363,10.7632,0.2428,1.0e-04,,,23.4
474,19.72,15.2020,8.8625,10.9095,0.2473,1.0e-04,,,23.4
475,19.56,15.0580,9.1112,11.0691,0.2431,1.0e-04,,,23.4
476,19.66,15.1677,9.2340,11.0952,0.2406,1.0e-04,,,23.4
477,19.53,15.0376,9.6743,11.3033,0.2477,1.0e-04,,,23.4
478,19.64,15.1493,9.9742,11.6147,0.2413,1.0e-04,,,23.4
479,19.76,15.2395,8.4912,10.7283,0.2470,1.0e-04,,,23.4
480,19.59,15.1018,8.5015,10.5423,0.2534,1.0e-04,19.77,0.14,23.4
481,19.56,15.0785,8.4741,10.8241,0.2390,1.0e-04,,,23.4
482,19.58,15.0917,8.8969,10.9619,0.2447,1.0e-04,,,23.4
483,19.68,15.1630,8.9927,11.1412,0.2522,1.0e-04,,,23.4
484,19.91,15.3812,8.6383,10.7165,0.2497,1.0e-04,,,23.4
485,19.73,15.2140,8.1311,10.4673,0.2479,1.0e-04,,,23.4
486,19.64,15.1187,7.9053,10.4051,0.2557,1.0e-04,,,23.4
487,19.73,15.2380,8.1583,10.4553,0.2513,1.0e-04,,,23.4
488,19.76,15.2381,8.1655,10.4726,0.2516,1.0e-04,,,23.4
489,19.68,15.1569,8.3681,10.8227,0.2502,1.0e-04,,,23.4
490,19.83,15.3304,9.5115,11.1723,0.2468,1.0e-04,19.71,0.15,23.4
491,19.81,15.2934,8.2213,10.6489,0.2452,1.0e-04,,,23.4
492,19.70,15.1788,8.2436,10.4863,0.2541,1.0e-04,,,23.4
493,19.50,15.0168,8.7759,10.8552,0.2471,1.0e-04,,,23.4
494,19.60,15.1150,9.3523,11.2994,0.2419,1.0e-04,,,23.4
495,19.64,15.1461,8.6380,10.9246,0.2399,1.0e-04,,,23.4
496,20.01,15.4752,8.7872,10.9148,0.2558,1.0e-04,,,23.4
497,19.77,15.2222,8.5891,10.8204,0.2557,1.0e-04,,,23.4
498,19.47,14.9585,8.5978,10.6811,0.2566,1.0e-04,,,23.4
499,19.83,15.2946,8.6830,10.8674,0.2510,1.0e-04,,,23.4
500,19.49,14.9751,8.2560,10.5924,0.2529,1.0e-04,19.69,0.15,23.4
501,19.72,15.2114,8.6684,10.8884,0.2495,1.0e-04,,,23.4
502,19.82,15.2923,8.2908,10.5681,0.2562,1.0e-04,,,23.4
503,19.84,15.3228,8.5377,10.7292,0.2511,1.0e-04,,,23.4
504,19.60,15.0837,8.4433,10.6305,0.2567,1.0e-04,,,23.4
505,19.75,15.2283,8.7501,10.9913,0.2537,1.0e-04,,,23.4
506,19.89,15.3566,8.9064,10.8047,0.2658,1.0e-04,,,23.4
507,19.42,14.9262,7.7353,10.2734,0.2520,1.0e-04,,,23.4
508,19.59,15.0991,8.1697,10.6432,0.2521,1.0e-04,,,23.4
509,19.70,15.2125,8.3991,10.6465,0.2495,1.0e-04,,,23.4
510,19.61,15.1025,8.6387,10.8116,0.2471,1.0e-04,19.47,0.14,23.4
511,19.71,15.2334,8.8919,11.0356,0.2414,1.0e-04,,,23.4
512,19.56,15.0862,9.0417,11.1282,0.2409,1.0e-04,,,23.4
513,19.61,15.1270,9.2022,11.0796,0.2448,1.0e-04,,,23.4
514,19.69,15.2139,8.5386,10.6267,0.2432,1.0e-04,,,23.4
515,19.71,15.2498,8.1898,10.5233,0.2447,1.0e-04,,,23.4
516,19.61,15.1503,8.5987,10.8835,0.2439,1.0e-04,,,23.4
517,19.63,15.1412,8.2541,10.4717,0.2479,1.0e-04,,,23.4
518,19.72,15.2287,7.7467,10.4491,0.2453,1.0e-04,,,23.4
519,19.62,15.1211,9.0156,11.0824,0.2534,1.0e-04,,,23.4
520,19.79,15.2850,8.2077,10.5523,0.2522,1.0e-04,19.79,0.15,23.4
521,19.57,15.0716,8.2018,10.5124,0.2549,1.0e-04,,,23.4
522,19.54,15.0330,8.3686,10.7780,0.2544,1.0e-04,,,23.4
523,19.62,15.1182,8.9945,10.9999,0.2560,1.0e-04,,,23.4
524,19.49,15.0080,8.7906,10.8738,0.2463,1.0e-04,,,23.4
525,19.67,15.1432,8.0209,10.4336,0.2495,1.0e-04,,,23.4
526,19.60,15.1048,8.4733,10.3963,0.2523,1.0e-04,,,23.4
527,19.57,15.0829,8.1692,10.5091,0.2516,1.0e-04,,,23.4
528,19.68,15.1703,8.3014,10.6051,0.2449,1.0e-04,,,23.4
529,19.85,15.3339,8.0346,10.3698,0.2469,1.0e-04,,,23.4
530,19.58,15.0781,7.9924,10.4287,0.2537,1.0e-04,19.67,0.15,23.4
531,19.80,15.2867,7.8108,10.2114,0.2470,1.0e-04,,,23.4
532,19.87,15.3478,8.6232,10.8473,0.2430,1.0e-04,,,23.4
533,19.70,15.2218,8.4380,10.7774,0.2388,1.0e-04,,,23.4
534,19.69,15.2043,8.2863,10.7018,0.2454,1.0e-04,,,23.4
535,19.85,15.3595,8.6399,10.9524,0.2397,1.0e-04,,,23.5
536,19.63,15.1452,8.6734,10.9801,0.2449,1.0e-04,,,23.4
537,19.67,15.1694,9.0359,11.0767,0.2440,1.0e-04,,,23.4
538,19.83,15.3263,8.4935,10.7929,0.2409,1.0e-04,,,23.5
539,19.66,15.1650,8.1321,10.6162,0.2405,1.0e-04,,,23.4
540,19.68,15.1724,8.1503,10.6768,0.2441,1.0e-04,19.58,0.15,23.4
541,19.63,15.1324,7.8008,10.2362,0.2487,1.0e-04,,,23.4
542,19.53,15.0569,7.8052,10.2389,0.2396,1.0e-04,,,23.4
543,19.75,15.2549,7.9380,10.3661,0.2504,1.0e-04,,,23.4
